Western Family,Beef,Pack,Canada,1,,,,,
Campbell's,Beef,Cup,Canada,1,,,,,
Bowl Ottogi,Chicken,Pack,South Korea,1,,,,,
Uni-President,Chicken,Pack,Vietnam,1,,,,,
Paldo,Chicken,Pack,South Korea,1,,,,,
Kim Ve Wong,Chicken,Bowl,Taiwan,1,,,,,
Samyang Foods,Curry,Pack,South Korea,1,,,,,
Baijia,Curry,Cup,China,1,,,,,
Baijia,Curry,Pack,China,1,,,,,
Azami,Garlic,Cup,Canada,1,,,,,
Crystal ,Gomtang,Cup,USA,1,,,,,
Hsin Tung Yang,Goreng,Pack,Taiwan,1,,,,,
Dr. McDougall's,Kimchi,Cup,USA,1,,,,,
Samyang Foods,Kimchi,Bowl,South Korea,1,,,,,
Maruchan,Kimchi,Cup,Japan,1,,,,,
Mitoku,Kimchi,Pack,Japan,1,,,,,
Master Kong,Kitsune,Pack,China,1,,,,,
Azami,Laksa,Pack,Canada,1,,,,,
Lucky Me!,Laksa,Pack,Philippines,1,,,,,
Thai Smile,Masala,Bowl,USA,1,,,,,
Baijia,Mi,Pack,China,1,,,,,
One Dish ,Miso,Bowl,USA,1,,,,,
IbuRamen,Mushroom,Tray,USA,1,,,,,
Nan Hsing,other,Bowl,Taiwan,1,,,,,
Baijia,other,Cup,China,1,,,,,
Ripe'n'Dry,Sesame,Pack,Japan,1,,,,,
Mama,Soba,Pack,Thailand,1,,,,,
Campbell's,Sour  ,Cup,Canada,1,,,,,
Roland,Soy Source,Pack,USA,1,,,,,
Urban ,Soy Source,Cup,UK,1,,,,,
Vedan,Soy Source,Bowl,Taiwan,1,,,,,
Tiger,Soy Source,Bowl,Taiwan,1,,,,,
Roland,Spicy,Pack,USA,1,,,,,
US Canning,Spicy,Tray,USA,1,,,,,
Mi E-Zee,Spicy,Pack,Malaysia,1,,,,,
Sichuan,Tantan,Pack,China,1,,,,,
Koyo,Tom Yum,Pack,USA,1,,,,,
Baijia,Tom Yum,Pack,China,1,,,,,
Sichuan,Tomato,Bowl,China,1,,,,,
Koh Thai,Tonkotsu,Pack,Netherlands,1,,,,,
Shio,Tonkotsu,Bowl,Thailand,1,,,,,
Vifon,Anchovy,Cup,Vietnam,,1,,,,
Guava Story,Beef,Tray,South Korea,,1,,,,
Nongshim,Beef,Cup,South Korea,,1,,,,
Fantastic,Beef,Cup,Australia,,1,,,,
Nan Jie Cun,Beef,Tray,China,,1,,,,
Vifon,Beef,Pack,Vietnam,,1,,,,
Wai Wai,Beef,Pack,Thailand,,1,,,,
Fortune,Chanpon,Pack,USA,,1,,,,
Uni-President,Chicken,Pack,Taiwan,,1,,,,
Conimex,Chicken,Cup,Netherlands,,1,,,,
Western Family,Chicken,Pack,Canada,,1,,,,
Baijia,Chicken,Bowl,China,,1,,,,
Lucky Me!,Chicken,Pack,Philippines,,1,,,,
Ve Wong,Chicken,Bowl,Taiwan,,1,,,,
Ottogi,Chicken,Pack,South Korea,,1,,,,
Little Cook,Chicken,Bowl,Thailand,,1,,,,
Acecook,Chilli,Bowl,Japan,,1,,,,
Doll,Chilli,Pack,Hong Kong,,1,,,,
Chewy,Crab,Pack,Hong Kong,,1,,,,
Tesco,Crab,Cup,UK,,1,,,,
Authentic,Curry,Bowl,USA,,1,,,,
Ottogi,Curry,Pack,South Korea,,1,,,,
Wei Lih,Curry,Pack,Taiwan,,1,,,,
Myojo,Duck,Pack,Japan,,1,,,,
Weh Lih,other,Pack,Taiwan,,1,,,,
Unzen,Jjigae,Pack,Japan,,1,,,,
Gree,Kimchi,Pack,Thailand,,1,,,,
A-One,Laksa,Cup,Vietnam,,1,,,,
Batchelors,Miso,Pack,UK,,1,,,,
Itsuki,Mushroom,Pack,Japan,,1,,,,
n Thai Foods,other,Pack,Nepal,,1,,,,
Conimex,other,Cup,Netherlands,,1,,,,
Mr. ,other,Cup,Canada,,1,,,,
Ko-Lee,other,Cup,UK,,1,,,,
Sunlee,other,Bowl,Thailand,,1,,,,
Ottogi,other,Pack,South Korea,,1,,,,
Wai Wai,other,Pack,Thailand,,1,,,,
Vifon,Potato,Pack,Vietnam,,1,,,,
Unif Tung-I,Shin Ramyun,Pack,Taiwan,,1,,,,
Ve Wong,Shin Ramyun,Bowl,Taiwan,,1,,,,
Tayho,Soba,Bowl,USA,,1,,,,
Hua Feng  Expert,Soba,Pack,China,,1,,,,
Knorr,Soy Source,Pack,Pakistan,,1,,,,
China Best,Soy Source,Pack,Taiwan,,1,,,,
Shio,Soy Source,Bowl,Thailand,,1,,,,
JML,spicy,Bowl,China,,1,,,,
 Time,Spicy,Bowl,Canada,,1,,,,
Westbrae,Spicy,Pack,USA,,1,,,,
Liang Cheng Mai,Tom Yam,Tray,China,,1,,,,
Acecook,Tom Yum,Bowl,Japan,,1,,,,
Gree,Tom Yum,Pack,Thailand,,1,,,,
Ve Wong,Tom Yum,Pack,Vietnam,,1,,,,
Just Way,Tonkotsu,Pack,Taiwan,,1,,,,
Mr. ,Udon,Bowl,Canada,,1,,,,
Tesco, other,Cup,UK,,,1,,,
Long Kow,other,Cup,China,,,1,,,
Nissin,Bean,Pack,Hong Kong,,,1,,,
Long Jun Hang,Beef,Pack,Taiwan,,,1,,,
Wheat,Beef,Pack,China,,,1,,,
Mr. ,Beef,Pack,Canada,,,1,,,
Shio,Beef,Bowl,Thailand,,,1,,,
Sao Tao,Beef,Bowl,Hong Kong,,,1,,,
i,Beef,Pack,Taiwan,,,1,,,
Gomex,Beef,Pack,Vietnam,,,1,,,
Sunny Maid,Beef,Pack,Taiwan,,,1,,,
Rhee Bros Assi,Beef,Tray,South Korea,,,1,,,
Nissin,Beef,Cup,Philippines,,,1,,,
Vifon,Buldak,Bowl,Vietnam,,,1,,,
Maruchan,Buldak,Tray,USA,,,1,,,
Maruchan,Buldak,Tray,USA,,,1,,,
Samyang,Buldak,Pack,South Korea,,,1,,,
Tokushima Seifun,Chanpon,Bowl,Japan,,,1,,,
Pot ,Cheese,Cup,UK,,,1,,,
Noah Foods,Cheese,Bowl,Vietnam,,,1,,,
Nongshim,Cheese,Bowl,USA,,,1,,,
Acecook,Chicken,Tray,Japan,,,1,,,
Tokyo ,Chicken,Pack,Japan,,,1,,,
MAMA,Chicken,Pack,Thailand,,,1,,,
Paldo Vina,Chicken,Pack,Vietnam,,,1,,,
Sawadee,Chicken,Pack,UK,,,1,,,
Chewy,Chicken,Tray,China,,,1,,,
Lishan,Chicken,Pack,Taiwan,,,1,,,
Long Kow,Chicken,Bowl,China,,,1,,,
Mama,Chicken,Pack,Thailand,,,1,,,
Annie Chun's,Chicken,Bowl,USA,,,1,,,
Lucky Me!,Chicken,Bowl,Philippines,,,1,,,
Nissin,Chicken,Cup,India,,,1,,,
Nissin,Chicken,Bowl,USA,,,1,,,
Nissin,Chicken,Bowl,USA,,,1,,,
Fuku,Chilli,Pack,Hong Kong,,,1,,,
Chewy,Chilli,Pack,Hong Kong,,,1,,,
Teriyaki Time,Clam,Bowl,USA,,,1,,,
Mama,Crab,Pack,Thailand,,,1,,,
Mr. Lee's ,Curry,Cup,UK,,,1,,,
Oni Hot Pot,Curry,Pack,Taiwan,,,1,,,
A1,Curry,Pack,Malaysia,,,1,,,
Myojo,Curry,Pack,Japan,,,1,,,
Indomie,Curry,Pack,Indonesia,,,1,,,
Koyo,Curry,Pack,USA,,,1,,,
Nissin,Curry,Cup,USA,,,1,,,
Ottogi,Curry,Pack,South Korea,,,1,,,
Singa-Me,Duck,Cup,Australia,,,1,,,
Shio,Duck,Bowl,Thailand,,,1,,,
Western Family,Goreng,Cup,Canada,,,1,,,
Mr. ,Goreng,Cup,Canada,,,1,,,
Vifon,Goreng,Pack,Vietnam,,,1,,,
Paldo,Goreng,Pack,South Korea,,,1,,,
Suimin,Hot & Sour,Cup,Australia,,,1,,,
Wai Wai,Hot & Sour,Pack,Thailand,,,1,,,
Mie Sedaap,Katsuo,Cup,Indonesia,,,1,,,
Daikoku,Kimchi,Cup,Japan,,,1,,,
Gree,Kitsune,Pack,Thailand,,,1,,,
Kamfen,Kitsune,Pack,China,,,1,,,
No Name,Laksa,Cup,Canada,,,1,,,
Tiger Tiger,Laksa,Pack,UK,,,1,,,
Mamee,Lamb,Cup,Malaysia,,,1,,,
Wu Mu,Masala,Pack,Taiwan,,,1,,,
Sapporo Ichiban,Masala,Cup,USA,,,1,,,
Annie Chun's,Miso,Pack,USA,,,1,,,
Annie Chun's,Onion,Tray,USA,,,1,,,
Lipton,other,Box,USA,,,1,,,
Wheat,other,Bowl,China,,,1,,,
Lotus Foods,other,Pack,USA,,,1,,,
Little Cook,other,Cup,Thailand,,,1,,,
Sun,other,Pack,Taiwan,,,1,,,
Lucky Me!,other,Pack,Philippines,,,1,,,
Sutah,other,Cup,South Korea,,,1,,,
Koyo,other ,Pack,USA,,,1,,,
Sau Tao,other    ,Pack,Taiwan,,,1,,,
Smack,Pizza,Pack,USA,,,1,,,
Indomie,Pork,Pack,Nigeria,,,1,,,
Batchelors,Pork,Pack,UK,,,1,,,
Vifon,Pork,Pack,Vietnam,,,1,,,
Vedan,Pork,Pack,Taiwan,,,1,,,
Vifon,Pork,Pack,Vietnam,,,1,,,
Nissin,Pork,Cup,USA,,,1,,,
Ten-In,other,Bowl,Taiwan,,,1,,,
Doll,Seafood,Pack,Hong Kong,,,1,,,
Urban ,Seafood,Cup,UK,,,1,,,
Sainsbury's,Seafood,Pack,UK,,,1,,,
Pot ,Seafood,Cup,UK,,,1,,,
Saigon Ve Wong,Seafood,Bowl,Vietnam,,,1,,,
Ve Wong,Seafood,Bowl,Taiwan,,,1,,,
Kamfen,Seafood,Tray,China,,,1,,,
Kamfen,Seafood,Pack,China,,,1,,,
A-Sha Dry ,Seaweed,Tray,Taiwan,,,1,,,
Maruchan,Seaweed,Cup,USA,,,1,,,
Koh Thai,Sesame,Pack,Netherlands,,,1,,,
Acecook,Sesame,Cup,Japan,,,1,,,
Western Family,Sesame,Cup,Canada,,,1,,,
Vifon,Sesame,Pack,Vietnam,,,1,,,
Sichuan,Shio,Pack,China,,,1,,,
Global Inspiration,Shio,Bowl,South Korea,,,1,,,
Nissin,Shrimp,Cup,USA,,,1,,,
Right Foods,Shrimp,Cup,USA,,,1,,,
Long Kow,Shrimp,Pack,Taiwan,,,1,,,
Pot ,Shrimp,Cup,UK,,,1,,,
Sapporo Ichiban,Shrimp,Pack,USA,,,1,,,
Maggi,Shrimp,Pack,India,,,1,,,
Maggi,Shrimp,Pack,India,,,1,,,
Mr. ,Soba,Pack,Canada,,,1,,,
Batchelors,Soba,Pack,UK,,,1,,,
Nissin,Soba,Tray,USA,,,1,,,
Maruchan,Sopa Nissin,Pack,USA,,,1,,,
Indomie,Sopa Nissin,Pack,Indonesia,,,1,,,
Shio,Sopa Nissin,Bowl,Thailand,,,1,,,
Long Kow,Sopa Nissin,Pack,China,,,1,,,
Nissin,Sopa Nissin,Pack,Japan,,,1,,,
Baijia,Sopa Nissin,Pack,China,,,1,,,
Maruchan,Sopa Nissin,Pack,USA,,,1,,,
Indomie,Sopa Nissin,Cup,Indonesia,,,1,,,
Maruchan,Sopa Nissin,Pack,USA,,,1,,,
Nissin,Sopa Nissin,Pack,Japan,,,1,,,
Six Fortune,Sopa Nissin,Pack,South Korea,,,1,,,
Nissin,Soy Source,Cup,USA,,,1,,,
Wang,Soy Source,Bowl,South Korea,,,1,,,
Koh Thai,Soy Source,Pack,Netherlands,,,1,,,
Western Family,Soy Source,Cup,Canada,,,1,,,
Myojo,Soy Source,Bowl,Japan,,,1,,,
Ottogi,Spicy,Pack,South Korea,,,1,,,
Wai Wai,Spicy,Pack,India,,,1,,,
Shirakiku,Spicy,Pack,USA,,,1,,,
Trident,Spicy,Pack,Australia,,,1,,,
Mamee,Spicy,Pack,Malaysia,,,1,,,
Thai Pavilion,Spicy,Tray,USA,,,1,,,
Tesco,Spicy,Cup,UK,,,1,,,
Tesco,Spicy,Pack,UK,,,1,,,
Mr. ,Spicy,Bowl,Canada,,,1,,,
CJ CheilJedang,Spicy,Cup,South Korea,,,1,,,
Maggi,Spicy,Pack,India,,,1,,,
Maruchan,Spicy,Tray,USA,,,1,,,
Batchelors,Spicy,Pack,UK,,,1,,,
Baijia,Spicy,Pack,China,,,1,,,
Sunlee,Spicy,Bowl,Thailand,,,1,,,
Nissin,Spicy,Cup,USA,,,1,,,
Mama,Spicy,Cup,Thailand,,,1,,,
chow,Spicy,Pack,Philippines,,,1,,,
Samyang,Spicy,Pack,South Korea,,,1,,,
Wai Wai,Spicy,Pack,Thailand,,,1,,,
Mr. ,Sura,Cup,Canada,,,1,,,
Mr. ,Sura,Bowl,Canada,,,1,,,
Hao Way,other,Bowl,Malaysia,,,1,,,
Mr. ,Tom Yum,Pack,Canada,,,1,,,
Snapdragon,Tom Yum,Cup,Singapore,,,1,,,
Wei Lih,Tomato,Bowl,Taiwan,,,1,,,
Thai Kitchen,Tomato,Pack,USA,,,1,,,
Samyang,Tomato,Pack,South Korea,,,1,,,
Tokachimen Koubou,Tonkotsu,Bowl,Japan,,,1,,,
Mama,Tonkotsu,Pack,Thailand,,,1,,,
Mr. ,Veagan,Bowl,Canada,,,1,,,
Mama,Vermicelli,Pack,Thailand,,,1,,,
Unif / Tung-I,Wonton,Pack,Taiwan,,,1,,,
Nissin,XO,Cup,USA,,,1,,,
Sao Tao, Teriyaki,Bowl,Hong Kong,,,,1,,
Nissin,Ajillo,Pack,Japan,,,,1,,
IbuRamen,Anchovy,Tray,USA,,,,1,,
Little Cook,Arrabiata,Cup,Thailand,,,,1,,
Mama,Authentic,Pack,Thailand,,,,1,,
A-Sha Dry ,Bacon,Pack,Taiwan,,,,1,,
Conimex,other,Pack,Netherlands,,,,1,,
Indomie,Basil,Pack,Indonesia,,,,1,,
Mamee,BBQ,Pack,Malaysia,,,,1,,
Maruchan,BBQ,Tray,USA,,,,1,,
Myojo,BBQ,Pack,Japan,,,,1,,
Nissin,Bean,Tray,USA,,,,1,,
Sainsbury's,Bean,Pack,UK,,,,1,,
Vina Acecook,Bean,Pack,Vietnam,,,,1,,
Shirakiku,Beef,Pack,USA,,,,1,,
Nissin,Beef,Cup,Thailand,,,,1,,
Chuan Wei Wang,Beef,Bowl,China,,,,1,,
Nissin,Beef,Cup,Thailand,,,,1,,
Suimin,Beef,Cup,Australia,,,,1,,
La Moderna,Beef,Pack,Mexico,,,,1,,
Four Seas,Beef,Pack,Hong Kong,,,,1,,
Chaudhary's Wai Wai,Beef,Pack,India,,,,1,,
Myojo,Beef,Pack,Singapore,,,,1,,
 ,Beef,Pack,Hungary,,,,1,,
Nissin,Beef,Cup,Japan,,,,1,,
Vit's,Beef,Pack,Malaysia,,,,1,,
Deshome,Beef,Pack,Taiwan,,,,1,,
ICA,Beef,Pack,Sweden,,,,1,,
Nissin,Beef,Tray,USA,,,,1,,
Koka,Beef,Pack,Singapore,,,,1,,
Four Seas,Beef,Bowl,Hong Kong,,,,1,,
Amianda,Beef,Pack,Taiwan,,,,1,,
Springlife,Beef,Pack,China,,,,1,,
Pot ,Beef,Cup,UK,,,,1,,
Han's South Korea,Beef,Tray,South Korea,,,,1,,
Vifon,Beef,Pack,Vietnam,,,,1,,
Nissin,Beef,Bowl,USA,,,,1,,
Nissin,Beef,Tray,USA,,,,1,,
Mug Shot,Beef,Pack,UK,,,,1,,
Mee Jang,Beef,Bowl,Thailand,,,,1,,
Wei Wei,Beef,Pack,Taiwan,,,,1,,
Nongshim,Beef,Bowl,USA,,,,1,,
Nissin,Beef,Cup,Singapore,,,,1,,
Myojo,Beef,Pack,Japan,,,,1,,
Mama,Beef,Cup,Thailand,,,,1,,
Unif / Tung-I,Beef,Pack,Taiwan,,,,1,,
Lucky Me!,Beef,Pack,Philippines,,,,1,,
Samyang,Beef,Pack,South Korea,,,,1,,
Myojo,Bibim Men,Bowl,USA,,,,1,,
Dream Kitchen,Bibim Men,Cup,USA,,,,1,,
Nissin,Bolognese,Pack,Indonesia,,,,1,,
Myojo,Bolognese,Bowl,Japan,,,,1,,
Menraku,other,Bowl,Japan,,,,1,,
Nissin,Carbonara,Cup,USA,,,,1,,
Amino,Carbonara,Pack,Poland,,,,1,,
Azami,Chanpon,Cup,Canada,,,,1,,
Nissin,Chanpon,Pack,Colombia,,,,1,,
Goku-Uma,Cheese,Bowl,USA,,,,1,,
Mr. ,Cheese,Pack,Canada,,,,1,,
Mama,Cheese,Pack,Thailand,,,,1,,
Koyo,Cheese,Pack,USA,,,,1,,
Koka,Cheese,Bowl,Singapore,,,,1,,
Ripe'n'Dry,Chicken,Pack,Japan,,,,1,,
Nissin,Chicken,Cup,Mexico,,,,1,,
Goku-Uma,Chicken,Bowl,USA,,,,1,,
Cintan,Chicken,Pack,Malaysia,,,,1,,
Suimin,Chicken,Cup,Australia,,,,1,,
A-Sha Dry ,Chicken,Tray,Taiwan,,,,1,,
MAMA,Chicken,Pack,Myanmar,,,,1,,
Daraz,Chicken,Pack,Japan,,,,1,,
Thai Smile,Chicken,Bowl,USA,,,,1,,
Chering Chang,Chicken,Pack,Taiwan,,,,1,,
Azami,Chicken,Cup,Canada,,,,1,,
,Chicken,Cup,Malaysia,,,,1,,
No Name,Chicken,Cup,Canada,,,,1,,
Nongshim,Chicken,Bowl,China,,,,1,,
Myojo,Chicken,Bowl,Japan,,,,1,,
Paldo Vina,Chicken,Pack,Vietnam,,,,1,,
Myojo,Chicken,Bowl,Japan,,,,1,,
A-One,Chicken,Cup,Vietnam,,,,1,,
Yum Yum,Chicken,Pack,Thailand,,,,1,,
Long Jun Hang,Chicken,Pack,Taiwan,,,,1,,
Sau Tao,Chicken,Pack,Hong Kong,,,,1,,
Thai Kitchen,Chicken,Tray,USA,,,,1,,
GaGa,Chicken,Pack,Indonesia,,,,1,,
Ottogi,Chicken,Pack,South Korea,,,,1,,
Sainsbury's,Chicken,Pack,UK,,,,1,,
Wu-Mu,Chicken,Pack,Taiwan,,,,1,,
Sainsbury's,Chicken,Pack,UK,,,,1,,
Baltix,Chicken,Pack,Estonia,,,,1,,
Master Kong,Chicken,Tray,China,,,,1,,
JML,Chicken,Bowl,China,,,,1,,
Nissin,Chicken,Pack,USA,,,,1,,
Thai Kitchen,Chicken,Pack,USA,,,,1,,
Little Cook,Chicken,Cup,Thailand,,,,1,,
Shirakiku,Chicken,Pack,Japan,,,,1,,
Yum Yum,Chicken,Pack,Thailand,,,,1,,
Nissin,Chicken,Pack,USA,,,,1,,
Maruchan,Chicken,Tray,USA,,,,1,,
Kamfen,Chicken,Pack,China,,,,1,,
Ottogi,Chicken,Cup,South Korea,,,,1,,
Ottogi,Chicken,Pack,South Korea,,,,1,,
Ottogi,Chicken,Pack,South Korea,,,,1,,
 Time,Chicken,Cup,South Korea,,,,1,,
Ibumie,Chicken,Pack,Malaysia,,,,1,,
Lucky Me!,Chicken,Pack,Philippines,,,,1,,
Sau Tao,Chicken,Bowl,Hong Kong,,,,1,,
Saigon Ve Wong,Chicken,Pack,Vietnam,,,,1,,
Payless,Chicken,Pack,Philippines,,,,1,,
Maruchan,Chicken,Pack,USA,,,,1,,
Nissin,Chicken,Pack,USA,,,,1,,
Unif,Chicken,Bowl,Taiwan,,,,1,,
Unif,Chicken,Bowl,Taiwan,,,,1,,
Lucky Me!,Chicken,Pack,Philippines,,,,1,,
Nongshim,Chicken,Pack,South Korea,,,,1,,
Mama,Chicken,Bowl,Thailand,,,,1,,
Maruchan,Chicken,Cup,USA,,,,1,,
Nongshim,Chicken,Bowl,USA,,,,1,,
Boss,Chicken,Bowl,Thailand,,,,1,,
Nissin,Chicken,Cup,India,,,,1,,
Myojo,Chicken,Pack,Japan,,,,1,,
Samyang,Chicken,Pack,South Korea,,,,1,,
Ve Wong,Chicken,Pack,Taiwan,,,,1,,
Paldo,Chicken,Pack,South Korea,,,,1,,
Hua Feng  Expert,Chicken,Pack,China,,,,1,,
Nissin,Chilli,Cup,Japan,,,,1,,
Thai Kitchen,Chilli,Bowl,USA,,,,1,,
Lucky Me!,Chilli,Pack,Philippines,,,,1,,
JML,Coconut Milk ,Pack,China,,,,1,,
Paldo Vina,other,Pack,Vietnam,,,,1,,
Nagatanien,Crab,Pack,Japan,,,,1,,
Maruchan,Crab,Pack,USA,,,,1,,
Ibumie,Crab,Pack,Malaysia,,,,1,,
Koka,Crab,Pack,Singapore,,,,1,,
n Thai Foods,Crab,Pack,Nepal,,,,1,,
Knorr,Crab,Pack,Pakistan,,,,1,,
Mr. ,Crab,Pack,South Korea,,,,1,,
Unif / Tung-I,Crab,Pack,Taiwan,,,,1,,
O Sung,oter,Cup,South Korea,,,,1,,
Mama,Shio,Pack,Thailand,,,,1,,
KOKA,Curry,Pack,Singapore,,,,1,,
Nissin,Curry,Cup,Mexico,,,,1,,
Suimin,Curry,Cup,Australia,,,,1,,
Vedan,Curry,Cup,Taiwan,,,,1,,
Uncle Sun,Curry,Pack,Malaysia,,,,1,,
Lucky Me!,Curry,Bowl,Philippines,,,,1,,
Nissin,Curry,Cup,Colombia,,,,1,,
GaGa,Curry,Pack,Indonesia,,,,1,,
Trident,Curry,Pack,Australia,,,,1,,
Kamfen,Curry,Pack,China,,,,1,,
Maggi,Curry,Pack,India,,,,1,,
Ottogi,Curry,Bowl,South Korea,,,,1,,
Four Seas,Curry,Bowl,Hong Kong,,,,1,,
Nissin,Curry,Pack,USA,,,,1,,
Mamee,Curry,Cup,Malaysia,,,,1,,
Batchelors,Curry,Pack,UK,,,,1,,
Saigon Ve Wong,Curry,Bowl,Vietnam,,,,1,,
Yum Yum,Curry,Pack,Thailand,,,,1,,
Shirakiku,Curry,Bowl,Japan,,,,1,,
Nongshim,Curry,Pack,South Korea,,,,1,,
Sao Tao,Curry,Bowl,Hong Kong,,,,1,,
Paldo,Curry,Bowl,South Korea,,,,1,,
Paldo,Curry,Tray,South Korea,,,,1,,
Wai Wai,Curry,Pack,Thailand,,,,1,,
Wu Mu,Curry,Pack,Taiwan,,,,1,,
Vifon,Curry,Pack,Vietnam,,,,1,,
Nissin,Curry,Pack,Japan,,,,1,,
Maggi,Curry,Pack,India,,,,1,,
Nissin,Duck,Cup,Hong Kong,,,,1,,
Royal Umbrella,Duck,Cup,Thailand,,,,1,,
Mr. ,other,Pack,South Korea,,,,1,,
Mr. ,Garlic Pepper,Pack,Canada,,,,1,,
Cap Atoom Bulan,Ghost Pepper ,Pack,Indonesia,,,,1,,
Unif,Ginger Oil,Pack,China,,,,1,,
Ottogi,Ginger Oil,Pack,South Korea,,,,1,,
Doll,Goreng,Pack,Hong Kong,,,,1,,
Mama,Goreng,Pack,Bangladesh,,,,1,,
Mamee,Goreng,Pack,Malaysia,,,,1,,
Annie Chun's,Goreng,Tray,USA,,,,1,,
Vina Acecook,Goreng,Pack,Vietnam,,,,1,,
Wheat,Goreng,Cup,China,,,,1,,
Nissin,Goreng,Cup,USA,,,,1,,
Gefen,Goreng,Pack,USA,,,,1,,
Q,Goreng,Pack,Taiwan,,,,1,,
Maruchan,Goreng,Pack,USA,,,,1,,
Mama,Goreng,Cup,Thailand,,,,1,,
Bon Go Jang,Goreng,Bowl,South Korea,,,,1,,
Mama,Goreng,Pack,Thailand,,,,1,,
Unif,Goreng,Pack,Taiwan,,,,1,,
Samyang,Goreng,Pack,South Korea,,,,1,,
Ottogi,Goreng,Pack,South Korea,,,,1,,
Knorr,other,Pack,Hong Kong,,,,1,,
Knorr,Hot & Sour,Pack,Pakistan,,,,1,,
Koka,Hot & Sour,Cup,Singapore,,,,1,,
Wei Lih,Jjajang,Pack,Taiwan,,,,1,,
Sarimi,Jjajang,Pack,Indonesia,,,,1,,
Lucky Me!,Jjawang,Pack,Philippines,,,,1,,
Vina Acecook,Jjigae,Bowl,Vietnam,,,,1,,
Nissin,Kimchi,Cup,Hong Kong,,,,1,,
Jingqi,Kimchi,Pack,Taiwan,,,,1,,
Maruchan,Kimchi,Cup,USA,,,,1,,
Chewy,Kimchi,Pack,Hong Kong,,,,1,,
Amianda,Kimchi,Pack,Taiwan,,,,1,,
Nongshim,Kimchi,Bowl,China,,,,1,,
Mexi-Ramen,Kimchi,Pack,USA,,,,1,,
Ottogi,other,Pack,South Korea,,,,1,,
Nissin,Laksa,Bowl,Japan,,,,1,,
Takamori Kosan,Laksa,Pack,Japan,,,,1,,
Sawadee,Laksa,Pack,UK,,,,1,,
Four Seas,Laksa,Bowl,China,,,,1,,
Little Cook,Laksa,Cup,Thailand,,,,1,,
Mama,Laksa,Pack,Thailand,,,,1,,
Kailo,Laksa,Bowl,Hong Kong,,,,1,,
Nongshim,Laksa,Bowl,South Korea,,,,1,,
Nissin,Laksa,Pack,USA,,,,1,,
Ve Wong,Laksa,Pack,Taiwan,,,,1,,
Lucky Me!,Lemongrass,Pack,Philippines,,,,1,,
Thien Houng Foods,Masala,Pack,Vietnam,,,,1,,
Shan,Masala,Pack,Pakistan,,,,1,,
Ve Wong,Masala,Bowl,Taiwan,,,,1,,
Indomie,Mayo,Pack,Indonesia,,,,1,,
Nissin,Mein,Cup,Germany,,,,1,,
Mee Jang,Mein,Bowl,Thailand,,,,1,,
Paldo,Mein,Tray,South Korea,,,,1,,
A-One,other,Cup,Vietnam,,,,1,,
Batchelors,other,Pack,UK,,,,1,,
Nissin,Miso,Cup,Germany,,,,1,,
Nissin,Miso,Cup,Hong Kong,,,,1,,
Master Kong,Miso,Bowl,China,,,,1,,
Mamee,Miso,Pack,Malaysia,,,,1,,
Ve Wong,Miso,Pack,Taiwan,,,,1,,
Wu-Mu,Miso,Pack,Taiwan,,,,1,,
Mee Jang,Miso,Bowl,Thailand,,,,1,,
Saigon Ve Wong,Miso,Bowl,Vietnam,,,,1,,
Saigon Ve Wong,Miso,Pack,Vietnam,,,,1,,
Maruchan,other,Cup,USA,,,,1,,
Nissin,other,Bowl,Hong Kong,,,,1,,
Lucky Me!,other,Cup,Philippines,,,,1,,
Premiere,Mushroom,Pack,Malaysia,,,,1,,
Wu-Mu,Mushroom,Pack,Taiwan,,,,1,,
Chewy,Mushroom,Pack,China,,,,1,,
Vina Acecook,Mushroom,Pack,Vietnam,,,,1,,
Vifon,Mushroom,Pack,Vietnam,,,,1,,
Nissin,other,Cup,Thailand,,,,1,,
Vina Acecook,Negi,Pack,Vietnam,,,,1,,
Mama,Negi,Pack,Thailand,,,,1,,
Wai Wai,other,Pack,Thailand,,,,1,,
Ripe'n'Dry,Onion,Pack,Japan,,,,1,,
Sau Tao,other,Pack,Hong Kong,,,,1,,
Nissin,other,Bowl,Hong Kong,,,,1,,
Suimin,other,Cup,Australia,,,,1,,
Mr. Lee's ,other,Cup,UK,,,,1,,
Sapporo Ichiban,other,Bowl,Japan,,,,1,,
Four Seas,other,Pack,Hong Kong,,,,1,,
Fantastic,other,Cup,Australia,,,,1,,
Unox,other,Pack,Netherlands,,,,1,,
Myojo,other,Bowl,USA,,,,1,,
Vifon,other,Pack,Vietnam,,,,1,,
United,other,Pack,Vietnam,,,,1,,
Koyo,other,Pack,USA,,,,1,,
Wheat,other,Pack,China,,,,1,,
Baijia,other,Pack,China,,,,1,,
Mr. ,other,Pack,Canada,,,,1,,
Nongshim,other,Bowl,USA,,,,1,,
Mr. ,other,Pack,Canada,,,,1,,
Payless,other,Pack,Philippines,,,,1,,
Indomie,other,Pack,Indonesia,,,,1,,
Ohsung,other,Pack,South Korea,,,,1,,
Nissin,other,Bowl,USA,,,,1,,
Gree,other,Pack,Thailand,,,,1,,
Gefen,other,Pack,USA,,,,1,,
Nissin,other,Cup,USA,,,,1,,
Rhee Bros Assi,other,Tray,South Korea,,,,1,,
Maruchan,other,Tray,USA,,,,1,,
Rocket Brand,other,Pack,China,,,,1,,
Ve Wong,other,Pack,Taiwan,,,,1,,
Mama,other,Pack,Thailand,,,,1,,
Nissin,other,Bowl,Japan,,,,1,,
Doll,other,Tray,Hong Kong,,,,1,,
Indomie,other,Pack,Indonesia,,,,1,,
chow,other,Pack,Philippines,,,,1,,
Tung-I,other,Pack,Taiwan,,,,1,,
Bamee,other ,Cup,Thailand,,,,1,,
Indomie,Pad Thai,Pack,Indonesia,,,,1,,
Knorr,other,Pack,Hong Kong,,,,1,,
Myojo,Pizza,Bowl,USA,,,,1,,
Deshome,other,Pack,Taiwan,,,,1,,
Vina Acecook,other,Pack,Vietnam,,,,1,,
Mr. Lee's ,Pork,Cup,UK,,,,1,,
Vifon,Pork,Cup,Vietnam,,,,1,,
United,Pork,Pack,Vietnam,,,,1,,
Wai Wai,Pork,Pack,Thailand,,,,1,,
Myojo,Pork,Pack,Japan,,,,1,,
Adabi,Pork,Pack,Malaysia,,,,1,,
Healtimie,Pork,Pack,Indonesia,,,,1,,
Sugakiya Foods,Pork,Pack,Japan,,,,1,,
Tiger Tiger,Pork,Pack,UK,,,,1,,
Sakurai Foods,Pork,Pack,Japan,,,,1,,
Hankow,Pork,Tray,China,,,,1,,
Batchelors,Pork,Pack,UK,,,,1,,
Nissin,Pork,Tray,USA,,,,1,,
Koyo,Pork,Pack,USA,,,,1,,
Mama,Pork,Pack,Thailand,,,,1,,
Nissin,Potato,Pack,Japan,,,,1,,
Maruchan,other,Tray,USA,,,,1,,
Amino,Salmon,Pack,Poland,,,,1,,
Fantastic,Seafood,Cup,Australia,,,,1,,
Fantastic,Seafood,Cup,Australia,,,,1,,
Mr. Lee's ,Seafood,Cup,UK,,,,1,,
Vifon,Seafood,Bowl,Vietnam,,,,1,,
Yamadai,Seafood,Bowl,Japan,,,,1,,
ICA,Seafood,Pack,Sweden,,,,1,,
Nissin,Seafood,Cup,Colombia,,,,1,,
Nissin,Seafood,Bowl,Japan,,,,1,,
Itomen,Seafood,Bowl,Japan,,,,1,,
Maruchan,Seafood,Pack,USA,,,,1,,
Nissin,Seaweed,Pack,Germany,,,,1,,
Ko-Lee,Seaweed,Pack,UK,,,,1,,
Maggi,Sesame,Pack,Fiji,,,,1,,
Nissin,Sesame,Cup,USA,,,,1,,
Oyatsu,Sesame,Pack,Japan,,,,1,,
Lotus Foods,Sesame,Pack,USA,,,,1,,
Koka,Sesame,Cup,Singapore,,,,1,,
Pot ,Sesame,Cup,UK,,,,1,,
Sakurai Foods,Sesame,Pack,Japan,,,,1,,
Ottogi,Sesame,Bowl,South Korea,,,,1,,
Sapporo Ichiban,Sesame,Pack,Japan,,,,1,,
Indomie,Sesame,Pack,Indonesia,,,,1,,
Lucky Me!,Sesame,Pack,Philippines,,,,1,,
chow,Sesame,Cup,Philippines,,,,1,,
Maruchan,Shallot,Cup,USA,,,,1,,
Bon,other,Pack,Hungary,,,,1,,
Nongshim,Shio,Pack,South Korea,,,,1,,
Thai Choice,Shio,Cup,Thailand,,,,1,,
Lucky Me!,Shio,Bowl,Philippines,,,,1,,
Great Value,Shrimp,Cup,Canada,,,,1,,
Bamee,Shrimp,Pack,Thailand,,,,1,,
Maruchan,Shrimp,Bowl,Japan,,,,1,,
Chencun,Shrimp,Cup,China,,,,1,,
Nissin,Shrimp,Tray,USA,,,,1,,
Paldo,Shrimp,Cup,Japan,,,,1,,
Vina Acecook,Shrimp,Pack,Vietnam,,,,1,,
Wu Mu,Shrimp,Pack,Taiwan,,,,1,,
Koyo,Shrimp,Pack,USA,,,,1,,
Batchelors,Shrimp,Pack,UK,,,,1,,
Fortune,Shrimp,Pack,USA,,,,1,,
Unif / Tung-I,Shrimp,Pack,Taiwan,,,,1,,
Wai Wai,Shrimp,Pack,Thailand,,,,1,,
Ve Wong,Sichuan,Pack,Vietnam,,,,1,,
Lucky Me!,Sichuan,Bowl,Philippines,,,,1,,
Qin Zong,Soba,Pack,China,,,,1,,
Sapporo Ichiban,Soba,Bowl,Japan,,,,1,,
Nissin,Soba,Cup,Japan,,,,1,,
iMee,Soba,Pack,Netherlands,,,,1,,
Shan,Soba,Pack,Pakistan,,,,1,,
Papa,Soba,Pack,Thailand,,,,1,,
Tradition,Soba,Cup,USA,,,,1,,
Sunlee,Soba,Bowl,Thailand,,,,1,,
Nissin,Soba,Pack,USA,,,,1,,
Maruchan,Soba,Cup,USA,,,,1,,
Wei Lih,Sour  ,Pack,Taiwan,,,,1,,
Goku-Uma,Soy Source,Bowl,USA,,,,1,,
MAMA,Soy Source,Bowl,Thailand,,,,1,,
Doll,Soy Source,Cup,Hong Kong,,,,1,,
MAMA,Soy Source,Pack,Myanmar,,,,1,,
,Soy Source,Cup,Malaysia,,,,1,,
Nissin,Soy Source,Cup,India,,,,1,,
Batchelors,Soy Source,Pack,UK,,,,1,,
Nissin,Soy Source,Cup,USA,,,,1,,
Fuku,Soy Source,Pack,Hong Kong,,,,1,,
Batchelors,Soy Source,Bowl,UK,,,,1,,
Pulmuone,Soy Source,Pack,South Korea,,,,1,,
Mr. ,Soy Source,Pack,South Korea,,,,1,,
Mama,Soy Source,Pack,Thailand,,,,1,,
Vifon,Soy Source,Pack,Vietnam,,,,1,,
Fortune,Soy Source,Pack,USA,,,,1,,
Nissin,Soy Source,Pack,Japan,,,,1,,
Vifon,Soy Source,Pack,Vietnam,,,,1,,
KOKA,Spicy,Bowl,Singapore,,,,1,,
KOKA,Spicy,Pack,Singapore,,,,1,,
Nissin,Spicy,Cup,Mexico,,,,1,,
Maruchan,Spicy,Pack,Mexico,,,,1,,
Nissin,Spicy,Cup,Japan,,,,1,,
Singa-Me,Spicy,Cup,Australia,,,,1,,
Great Value,Spicy,Pack,Canada,,,,1,,
Nissin,Spicy,Pack,Germany,,,,1,,
Koh Thai,Spicy,Pack,Netherlands,,,,1,,
Wai Wai,Spicy,Bowl,Thailand,,,,1,,
Vina Acecook,Spicy,Cup,Vietnam,,,,1,,
Samyang Foods,Spicy,Cup,Japan,,,,1,,
Baijia,Spicy,Pack,China,,,,1,,
Cintan,Spicy,Pack,Malaysia,,,,1,,
Nongshim,Spicy,Cup,China,,,,1,,
Tokyo ,Spicy,Pack,Japan,,,,1,,
Chewy,Spicy,Pack,China,,,,1,,
Wai Wai,Spicy,Pack,Thailand,,,,1,,
Ibumie,Spicy,Pack,Malaysia,,,,1,,
Tradition,Spicy,Cup,USA,,,,1,,
Sunlee,Spicy,Bowl,Thailand,,,,1,,
Chencun,Spicy,Cup,China,,,,1,,
Nissin,Spicy,Bowl,USA,,,,1,,
Snapdragon,Spicy,Cup,Singapore,,,,1,,
Pulmuone,Spicy,Pack,South Korea,,,,1,,
Little Cook,Spicy,Bowl,Thailand,,,,1,,
Nongshim,Spicy,Cup,South Korea,,,,1,,
Noah Foods,Spicy,Bowl,Vietnam,,,,1,,
Nissin,Spicy,Bowl,USA,,,,1,,
Unif / Tung-I,Spicy,Pack,Taiwan,,,,1,,
Ottogi,Spicy,Cup,South Korea,,,,1,,
Saigon Ve Wong,Spicy,Pack,South Korea,,,,1,,
Wai Wai,Spicy,Pack,Thailand,,,,1,,
Nissin,Spicy,Bowl,USA,,,,1,,
Nongshim,Spicy,Bowl,USA,,,,1,,
Maggi,Spicy,Pack,Malaysia,,,,1,,
Mama,Spicy,Pack,Thailand,,,,1,,
Ve Wong,Spicy,Pack,Taiwan,,,,1,,
Unif,Spicy,Pack,Taiwan,,,,1,,
Nissin,Spicy,Pack,Japan,,,,1,,
Nissin,Spicy,Pack,Japan,,,,1,,
Emart,other,Cup,South Korea,,,,1,,
Paldo,Tainan,Bowl,South Korea,,,,1,,
President ,Tantan,Bowl,Thailand,,,,1,,
Nissin,Tantan,Pack,Singapore,,,,1,,
Vedan,Tarako,Pack,Taiwan,,,,1,,
 Bihun,other,Pack,Indonesia,,,,1,,
Maggi,Tom Yam,Pack,India,,,,1,,
Urban ,Tom Yam,Cup,UK,,,,1,,
Shan,Tom Yam,Pack,Pakistan,,,,1,,
Acecook,Tom Yam,Tray,Japan,,,,1,,
Bamee,Tom Yam,Pack,Germany,,,,1,,
Myojo,Tom Yam,Pack,Japan,,,,1,,
Ajinatori,Tom Yum,Pack,Japan,,,,1,,
Wang,Tom Yum,Bowl,South Korea,,,,1,,
Forest ,Tom Yum,Pack,Taiwan,,,,1,,
Thai Choice,Tom Yum,Cup,Thailand,,,,1,,
Kumamoto,Tom Yum,Pack,Japan,,,,1,,
Sawadee,Tom Yum,Pack,Malaysia,,,,1,,
Batchelors,Tom Yum,Pack,UK,,,,1,,
Sawadee,Tom Yum,Pack,Malaysia,,,,1,,
Sainsbury's,Tom Yum,Pack,UK,,,,1,,
Nissin,Tom Yum,Cup,USA,,,,1,,
Wei Wei,Tom Yum,Pack,Taiwan,,,,1,,
Mi Sedaap,Tom Yum,Pack,Indonesia,,,,1,,
Maruchan,Tom Yum,Pack,USA,,,,1,,
Maruchan,Tom Yum,Cup,USA,,,,1,,
Doll,Tom Yum,Pack,Hong Kong,,,,1,,
Doll,Tom Yum,Pack,Hong Kong,,,,1,,
Six Fortune,Tom Yum,Pack,South Korea,,,,1,,
Binh Tay,Tom Yum,Pack,Vietnam,,,,1,,
A-Sha Dry ,Tomato,Pack,Taiwan,,,,1,,
JML,Tomato,Bowl,China,,,,1,,
Wei Lih,Tonkotsu,Pack,Taiwan,,,,1,,
Nissin,Tonkotsu,Cup,Mexico,,,,1,,
Nissin,Tonkotsu,Cup,Thailand,,,,1,,
Conimex,Tonkotsu,Cup,Netherlands,,,,1,,
Mama,Tonkotsu,Pack,Bangladesh,,,,1,,
iMee,Tonkotsu,Pack,Netherlands,,,,1,,
Thai ,Tonkotsu,Pack,Germany,,,,1,,
Shan,Tonkotsu,Pack,Pakistan,,,,1,,
Koka,Tonkotsu,Pack,Singapore,,,,1,,
Tradition,Tonkotsu,Pack,USA,,,,1,,
Nissin,Tonkotsu,Bowl,USA,,,,1,,
Shirakiku,Tonkotsu,Pack,USA,,,,1,,
Sunlee,Tonkotsu,Bowl,Thailand,,,,1,,
Wheat,Tonkotsu,Cup,China,,,,1,,
Vina Acecook,Tonkotsu,Pack,Vietnam,,,,1,,
Saigon Ve Wong,Tonkotsu,Bowl,Vietnam,,,,1,,
Mug Shot,Tonkotsu,Pack,UK,,,,1,,
Vifon,Tonkotsu,Pack,Vietnam,,,,1,,
Pot ,Tonkotsu,Cup,UK,,,,1,,
Sahmyook,Tonkotsu,Pack,South Korea,,,,1,,
Nissin,Tonkotsu,Cup,USA,,,,1,,
Nongshim,Tonkotsu,Bowl,South Korea,,,,1,,
Royal Umbrella,Tonkotsu,Cup,Thailand,,,,1,,
Nongshim,Tonkotsu,Bowl,South Korea,,,,1,,
Six Fortune,Tonkotsu,Pack,South Korea,,,,1,,
Wai Wai,Tonkotsu,Pack,Thailand,,,,1,,
Shirakiku,Tonkotsu,Pack,Japan,,,,1,,
Unif,Tonkotsu,,Taiwan,,,,1,,
Great Value,Toyama Black,Cup,Canada,,,,1,,
Campbell's,Tuna,Cup,Canada,,,,1,,
Lucky Me!,Veagan,Pack,Philippines,,,,1,,
Han's South Korea,Veagan,Tray,South Korea,,,,1,,
Vina Acecook,Veagan,Pack,Vietnam,,,,1,,
Wei Lih,Veagan,Pack,Taiwan,,,,1,,
Wei Chuan,Veagan,Pack,Taiwan,,,,1,,
Mama,Veagan,Pack,Thailand,,,,1,,
Sapporo Ichiban,Veagan,Pack,Japan,,,,1,,
Baixiang ,Vegetable,Pack,China,,,,1,,
Nongshim,Vegetable,Bowl,USA,,,,1,,
Knorr,Vegetable,Pack,Hong Kong,,,,1,,
Vina Acecook,Vegetable,Pack,Vietnam,,,,1,,
Wai Wai,Vegetable,Pack,Thailand,,,,1,,
Gau Do,Vegetable,Pack,Vietnam,,,,1,,
Wai Wai,Vegetable,Cup,Thailand,,,,1,,
Mamee,Vermicelli,Pack,Hong Kong,,,,1,,
Trident,Vermicelli,Pack,Australia,,,,1,,
Samyang,Vermicelli,Cup,South Korea,,,,1,,
Little Cook,Vermicelli,Bowl,Thailand,,,,1,,
Vedan,other,Bowl,Taiwan,,,,1,,
Shirakiku,other,Pack,Japan,,,,1,,
Ottogi,Wonton,Pack,South Korea,,,,1,,
Mr. ,Wheat,Bowl,Canada,,,,1,,
Urban ,Wonton,Cup,UK,,,,1,,
Nissin,XO,Cup,Germany,,,,1,,
United,XO,Pack,Vietnam,,,,1,,
Mamee,XO,Cup,Malaysia,,,,1,,
Knorr,Yakibuta,Pack,Hong Kong,,,,1,,
en Mie,Yakibuta,Pack,Dubai,,,,1,,
Yum Yum,Kimchi,Pack,Thailand,,,,,1,
Nissin,Teriyaki,Cup,USA,,,,,1,
Indomie, other,Pack,Indonesia,,,,,1,
Lucky Me!, other,Pack,Philippines,,,,,1,
Wugudaochang, other,Pack,China,,,,,1,
Ruski, other,Pack,Thailand,,,,,1,
Sarimi, other,Pack,Indonesia,,,,,1,
Nissin, other,Cup,USA,,,,,1,
Marutai, other,Bowl,Japan,,,,,1,
Emart, other,Pack,South Korea,,,,,1,
Samyang Foods, other,Bowl,South Korea,,,,,1,
Unif / Tung-I, other,Pack,Taiwan,,,,,1,
Nissin, other,Pack,Germany,,,,,1,
Lucky Me!, other,Pack,Philippines,,,,,1,
Nissin, other,Cup,Japan,,,,,1,
Nongshim, other,Cup,South Korea,,,,,1,
Myojo, other,Tray,Japan,,,,,1,
Nongshim, other,Pack,South Korea,,,,,1,
Takamori Kosan, other,Pack,Japan,,,,,1,
MAMA, other,Pack,Thailand,,,,,1,
Vit's, other,Pack,Malaysia,,,,,1,
Yamamoto, other,Bowl,Japan,,,,,1,
Vifon, other,Pack,Vietnam,,,,,1,
Samyang Foods, other,Cup,South Korea,,,,,1,
Choumama, other,Pack,Taiwan,,,,,1,
n Thai Foods, other,Pack,Nepal,,,,,1,
Dragonfly, other,Pack,China,,,,,1,
Doll, other,Pack,Hong Kong,,,,,1,
Nissin, other,Cup,Singapore,,,,,1,
Samyang Foods, other,Pack,South Korea,,,,,1,
Pama, other,Pack,Malaysia,,,,,1,
Fuji Mengyo, other,Bowl,Japan,,,,,1,
Master Kong, other,Pack,China,,,,,1,
Tasty Bite, other,Pack,USA,,,,,1,
Payless, other,Pack,Philippines,,,,,1,
Nissin, other,Pack,USA,,,,,1,
Sempio, other,Bowl,South Korea,,,,,1,
Nissin, Topokki,Cup,USA,,,,,1,
Mi Sedaap,Anchovy,Pack,Indonesia,,,,,1,
Wu-Mu,Baby Star ,Pack,Taiwan,,,,,1,
S&S,other,Pack,USA,,,,,1,
MAMA,BBQ,Pack,Myanmar,,,,,1,
Unif-100,BBQ,Pack,China,,,,,1,
Fuku,BBQ,Pack,Hong Kong,,,,,1,
Nissin,BBQ,Cup,USA,,,,,1,
Nissin,BBQ,Cup,Japan,,,,,1,
Nissin,BBQ,Cup,Japan,,,,,1,
Nissin,Bean,Pack,Germany,,,,,1,
Curry,Bean,Pack,Malaysia,,,,,1,
Vina Acecook,Bean,Pack,Vietnam,,,,,1,
Master Kong,Bean,Pack,China,,,,,1,
Indomie,Bean,Pack,Indonesia,,,,,1,
Wei Wei,Bean,Pack,Taiwan,,,,,1,
Vina Acecook,Bean,Pack,Vietnam,,,,,1,
Lucky Me!,Bean,Bowl,Philippines,,,,,1,
Acecook,Beef,Cup,Japan,,,,,1,
Nissin,Beef,Cup,Hong Kong,,,,,1,
Nissin,Beef,Pack,Germany,,,,,1,
Samyang Foods,Beef,Bowl,South Korea,,,,,1,
Myojo,Beef,Pack,USA,,,,,1,
KOKA,Beef,Cup,Singapore,,,,,1,
Happy Cook,Beef,Pack,Taiwan,,,,,1,
Samyang Foods,Beef,Bowl,South Korea,,,,,1,
Maggi,Beef,Pack,Fiji,,,,,1,
Samyang Foods,Beef,Pack,South Korea,,,,,1,
Ajinatori,Beef,Pack,Japan,,,,,1,
Nissin,Beef,Pack,Hong Kong,,,,,1,
Kamfen,Beef,Bowl,Hong Kong,,,,,1,
Sichuan,Beef,Pack,China,,,,,1,
Kang Shi Fu,Beef,Pack,Hong Kong,,,,,1,
Nissin,Beef,Cup,Hong Kong,,,,,1,
Maruchan,Beef,Bowl,USA,,,,,1,
MAMA,Beef,Pack,Thailand,,,,,1,
MAMA,Beef,Pack,Thailand,,,,,1,
Maruchan,Beef,Bowl,USA,,,,,1,
E-Zee,Beef,Pack,Malaysia,,,,,1,
Kang Shi Fu,Beef,Pack,China,,,,,1,
Acecook,Beef,Cup,Japan,,,,,1,
Nissin,Beef,Cup,Japan,,,,,1,
Master Kong,Beef,Pack,China,,,,,1,
Itsuki,Beef,Pack,Japan,,,,,1,
IbuRamen,Beef,Tray,USA,,,,,1,
Nissin,Beef,Cup,Singapore,,,,,1,
Myojo,Beef,Bowl,Singapore,,,,,1,
Kuriki,Beef,Pack,Japan,,,,,1,
Nissin,Beef,Cup,USA,,,,,1,
,Beef,Cup,Malaysia,,,,,1,
JML,Beef,Bowl,China,,,,,1,
Pirkka,Beef,Pack,Finland,,,,,1,
A-Sha Dry ,Beef,Pack,Taiwan,,,,,1,
Mi Sedaap,Beef,Cup,Indonesia,,,,,1,
Pirkka,Beef,Pack,Finland,,,,,1,
Emart,Beef,Cup,South Korea,,,,,1,
E-mi,Beef,Pack,Malaysia,,,,,1,
Maggi,Beef,Pack,India,,,,,1,
Chering Chang,Beef,Pack,Taiwan,,,,,1,
Lucky Me!,Beef,Pack,Philippines,,,,,1,
Nissin,Beef,Pack,Singapore,,,,,1,
JML,Beef,Pack,China,,,,,1,
Four Seas,Beef,Pack,Hong Kong,,,,,1,
Nissin,Beef,Bowl,Singapore,,,,,1,
Nissin,Beef,Cup,Singapore,,,,,1,
Maggi,Beef,Pack,Singapore,,,,,1,
Chewy,Beef,Pack,Hong Kong,,,,,1,
Samyang Foods,Beef,Cup,South Korea,,,,,1,
Mamee,Beef,Pack,Malaysia,,,,,1,
Sakura ,Beef,Pack,USA,,,,,1,
Mamee,Beef,Pack,Malaysia,,,,,1,
Pop Bihun,Beef,Pack,Indonesia,,,,,1,
Good Tto Leu Foods,Beef,Bowl,South Korea,,,,,1,
Ruski,Beef,Pack,Thailand,,,,,1,
A-Sha Dry ,Beef,Pack,Taiwan,,,,,1,
Wu-Mu,Beef,Pack,Taiwan,,,,,1,
Vifon,Beef,Pack,Vietnam,,,,,1,
Maruchan,Beef,Pack,Japan,,,,,1,
Ko-Lee,Beef,Pack,UK,,,,,1,
Western Family,Beef,Pack,Canada,,,,,1,
Samyang Foods,Beef,Pack,South Korea,,,,,1,
Sun ,Beef,Tray,USA,,,,,1,
Annie Chun's,Beef,Bowl,USA,,,,,1,
Ko-Lee,Beef,Pack,UK,,,,,1,
Mama,Beef,Pack,Thailand,,,,,1,
Kamfen,Beef,Tray,China,,,,,1,
Maruchan,Beef,Cup,USA,,,,,1,
Kamfen,Beef,Tray,China,,,,,1,
Ibumie,Beef,Pack,Malaysia,,,,,1,
Yamachan,Beef,Pack,USA,,,,,1,
Mi,Beef,Pack,Indonesia,,,,,1,
ABC,Beef,Pack,Indonesia,,,,,1,
Ottogi,Beef,Pack,South Korea,,,,,1,
Nongshim,Beef,Pack,USA,,,,,1,
Nongshim,Beef,Bowl,USA,,,,,1,
Pot ,Beef,Cup,UK,,,,,1,
Master Kong,Beef,Pack,China,,,,,1,
Batchelors,Beef,Bowl,UK,,,,,1,
Mi Sedaap,Beef,Pack,Indonesia,,,,,1,
Yum Yum,Beef,Pack,Thailand,,,,,1,
Nissin,Beef,Cup,Hong Kong,,,,,1,
Dragonfly,Beef,Bowl,China,,,,,1,
Kailo,Beef,Bowl,Hong Kong,,,,,1,
Thai Kitchen,Beef,Bowl,USA,,,,,1,
Paldo,Beef,Pack,South Korea,,,,,1,
Ve Wong,Beef,Bowl,Taiwan,,,,,1,
chow,Beef,Pack,Philippines,,,,,1,
Myojo,Beef,Pack,Japan,,,,,1,
Rhee Bros Assi,Beef,Tray,South Korea,,,,,1,
Six Fortune,Beef,Pack,South Korea,,,,,1,
Nongshim,Beef,Cup,South Korea,,,,,1,
Maruchan,Beef,Pack,USA,,,,,1,
Paldo,Beef,Tray,South Korea,,,,,1,
Tradition,Beef,Pack,USA,,,,,1,
Lucky Me!,Beef,Bowl,Philippines,,,,,1,
Ottogi,Beef,Pack,South Korea,,,,,1,
Vifon,Beef,Pack,Vietnam,,,,,1,
Mama,Beef,Pack,Thailand,,,,,1,
Sakurai,Beef,Pack,Japan,,,,,1,
Nongshim,Beef,Pack,South Korea,,,,,1,
Nissin,Beef,Pack,Japan,,,,,1,
Nissin,Beef,Pack,Japan,,,,,1,
Indomie,Beef,Pack,Indonesia,,,,,1,
Maggi,Bibim Men,Pack,India,,,,,1,
Sau Tao,Bolognese,Pack,China,,,,,1,
Wai Wai,Borscht,Pack,Thailand,,,,,1,
Master Kong,Buldak,Pack,China,,,,,1,
Nissin,Chanpon,Tray,USA,,,,,1,
Men-Sunaoshi,Chanpon,Pack,Japan,,,,,1,
Maruchan,Chanpon,Bowl,USA,,,,,1,
Nissin,Chapagetti,Cup,Hong Kong,,,,,1,
Ottogi,Chapagetti,Bowl,South Korea,,,,,1,
Nongshim,Chapagetti,Pack,South Korea,,,,,1,
Azami,Cheese,Bowl,Canada,,,,,1,
Wugudaochang,Cheese,Pack,China,,,,,1,
Maggi,Cheese,Pack,Malaysia,,,,,1,
Samyang Foods,Cheese,Pack,South Korea,,,,,1,
KOKA,Chicken,Pack,Singapore,,,,,1,
Maggi,Chicken,Pack,India,,,,,1,
Xiuhe,Chicken,Bowl,China,,,,,1,
Indomie,Chicken,Pack,Indonesia,,,,,1,
Nissin,Chicken,Cup,Hong Kong,,,,,1,
Ottogi,Chicken,Pack,Mexico,,,,,1,
Myojo,Chicken,Bowl,Japan,,,,,1,
Uni-President,Chicken,Bowl,Taiwan,,,,,1,
Wai Wai,Chicken,Pack,India,,,,,1,
Tablemark,Chicken,Bowl,Japan,,,,,1,
Maruchan,Chicken,Pack,USA,,,,,1,
Nissin,Chicken,Pack,Thailand,,,,,1,
Migawon,Chicken,Pack,South Korea,,,,,1,
Myojo,Chicken,Pack,Japan,,,,,1,
Ve Wong,Chicken,Pack,Taiwan,,,,,1,
Marutai,Chicken,Bowl,Japan,,,,,1,
MyKuali,Chicken,Pack,Malaysia,,,,,1,
Hao Way,Chicken,Bowl,Malaysia,,,,,1,
Conimex,Chicken,Pack,Netherlands,,,,,1,
Cintan,Chicken,Pack,Malaysia,,,,,1,
JML,Chicken,Bowl,China,,,,,1,
Mama,Chicken,Pack,Bangladesh,,,,,1,
Little Cook,Chicken,Cup,Thailand,,,,,1,
Bon,Chicken,Pack,Germany,,,,,1,
A-Sha Dry ,Chicken,Pack,Taiwan,,,,,1,
Wugudaochang,Chicken,Bowl,China,,,,,1,
Lishan Food Manufacturing,Chicken,Pack,Taiwan,,,,,1,
Mama,Chicken,Cup,Thailand,,,,,1,
Hao Way,Chicken,Bowl,Malaysia,,,,,1,
Hao Way,Chicken,Pack,Malaysia,,,,,1,
Ching's Secret,Chicken,Pack,India,,,,,1,
Myojo,Chicken,Bowl,Japan,,,,,1,
Vit's,Chicken,Pack,Malaysia,,,,,1,
Katoz,Chicken,Pack,Sweden,,,,,1,
Mama,Chicken,Pack,Thailand,,,,,1,
Samyang Foods,Chicken,Pack,South Korea,,,,,1,
Ibumie,Chicken,Pack,Malaysia,,,,,1,
Thai ,Chicken,Pack,Germany,,,,,1,
Nissin,Chicken,Cup,Singapore,,,,,1,
Nissin,Chicken,Cup,Singapore,,,,,1,
Nissin,Chicken,Pack,Colombia,,,,,1,
Vifon,Chicken,Cup,Vietnam,,,,,1,
Maggi,Chicken,Pack,India,,,,,1,
Pop Bihun,Chicken,Pack,Indonesia,,,,,1,
Vina Acecook,Chicken,Bowl,Vietnam,,,,,1,
Saji,Chicken,Pack,Malaysia,,,,,1,
Paldo,Chicken,Pack,South Korea,,,,,1,
Takamori Kosan,Chicken,Pack,Japan,,,,,1,
Four Seas,Chicken,Bowl,Hong Kong,,,,,1,
Mamee,Chicken,Pack,Malaysia,,,,,1,
Mamee,Chicken,Pack,Malaysia,,,,,1,
Ruski,Chicken,Pack,Thailand,,,,,1,
Adabi,Chicken,Pack,Malaysia,,,,,1,
Nissin,Chicken,Cup,Japan,,,,,1,
A-Sha Dry ,Chicken,Pack,Taiwan,,,,,1,
JML,Chicken,Pack,China,,,,,1,
Thai Kitchen,Chicken,Tray,USA,,,,,1,
Nissin,Chicken,Cup,Japan,,,,,1,
Eat & Go,Chicken,Cup,Indonesia,,,,,1,
Thai Pavilion,Chicken,Tray,USA,,,,,1,
Nissin,Chicken,Pack,Hong Kong,,,,,1,
Maruchan,Chicken,Pack,Japan,,,,,1,
Nissin,Chicken,Tray,USA,,,,,1,
GaGa,Chicken,Pack,Indonesia,,,,,1,
Samyang Foods,Chicken,Pack,South Korea,,,,,1,
Wei Lih,Chicken,Pack,Taiwan,,,,,1,
ABC,Chicken,Pack,Indonesia,,,,,1,
Maruchan,Chicken,Pack,Japan,,,,,1,
Healtimie,Chicken,Pack,Indonesia,,,,,1,
Acecook,Chicken,Cup,Japan,,,,,1,
GaGa,Chicken,Pack,Indonesia,,,,,1,
n Thai Foods,Chicken,Pack,Nepal,,,,,1,
n Thai Foods,Chicken,Pack,Nepal,,,,,1,
n Thai Foods,Chicken,Pack,Nepal,,,,,1,
Wei Lih,Chicken,Pack,Taiwan,,,,,1,
Samyang Foods,Chicken,Cup,South Korea,,,,,1,
Chencun,Chicken,Cup,China,,,,,1,
Nissin,Chicken,Bowl,Hong Kong,,,,,1,
Eat & Go,Chicken,Cup,Indonesia,,,,,1,
Deshome,Chicken,Pack,Taiwan,,,,,1,
Samyang Foods,Chicken,Pack,South Korea,,,,,1,
Samyang Foods,Chicken,Pack,South Korea,,,,,1,
Maruchan,Chicken,Tray,USA,,,,,1,
Paldo,Chicken,Pack,South Korea,,,,,1,
Sakurai Foods,Chicken,Bowl,Japan,,,,,1,
Vifon,Chicken,Pack,Poland,,,,,1,
Ottogi,Chicken,Cup,South Korea,,,,,1,
Pot ,Chicken,Cup,UK,,,,,1,
Maruchan,Chicken,Cup,USA,,,,,1,
Maruchan,Chicken,Pack,USA,,,,,1,
Nissin,Chicken,Pack,USA,,,,,1,
Maggi,Chicken,Pack,Malaysia,,,,,1,
Nongshim,Chicken,Pack,South Korea,,,,,1,
Wai Wai,Chicken,Pack,Thailand,,,,,1,
Gau Do,Chicken,Pack,Vietnam,,,,,1,
Sarimi,Chicken,Pack,Indonesia,,,,,1,
Nissin,Chicken,Pack,USA,,,,,1,
Vifon,Chicken,Bowl,Vietnam,,,,,1,
Samyang,Chicken,Pack,South Korea,,,,,1,
Ohsung,Chicken,Pack,South Korea,,,,,1,
Nongshim,Chicken,Pack,South Korea,,,,,1,
Lucky Me!,Chicken,Pack,Philippines,,,,,1,
Nissin,Chicken,Bowl,USA,,,,,1,
Sura,Chicken,Bowl,South Korea,,,,,1,
Master Kong,Chicken,Pack,China,,,,,1,
Little Cook,Chicken,Cup,Thailand,,,,,1,
Thai Kitchen,Chicken,Pack,USA,,,,,1,
Nissin,Chicken,Pack,Japan,,,,,1,
JML,Chicken,Pack,China,,,,,1,
Thai Kitchen,Chicken,Pack,USA,,,,,1,
Wang,Chicken,Bowl,South Korea,,,,,1,
JML,Chicken,Pack,China,,,,,1,
Thai Kitchen,Chicken,Bowl,USA,,,,,1,
Ottogi,Chicken,Pack,South Korea,,,,,1,
Vifon,Chicken,Pack,Vietnam,,,,,1,
Paldo,Chicken,Bowl,South Korea,,,,,1,
Vina Acecook,Chicken,Bowl,Vietnam,,,,,1,
Nissin,Chicken,Bowl,USA,,,,,1,
Sau Tao,Chicken,Bowl,Hong Kong,,,,,1,
Nissin,Chicken,Pack,Japan,,,,,1,
Goku Uma,Chicken,Bowl,Japan,,,,,1,
Ottogi,Chicken,Cup,South Korea,,,,,1,
Rhee Bros Assi,Chicken,Tray,South Korea,,,,,1,
Lucky Me!,Chicken,Bowl,Philippines,,,,,1,
Paldo,Chicken,Pack,South Korea,,,,,1,
Paldo,Chicken,Cup,South Korea,,,,,1,
Doll,Chicken,Pack,Hong Kong,,,,,1,
Nissin,Chicken,Bowl,USA,,,,,1,
Fortune,Chicken,Pack,USA,,,,,1,
Unif,Chicken,Pack,Taiwan,,,,,1,
Koka,Chicken,Pack,Singapore,,,,,1,
Vina Acecook,Chicken,Tray,Vietnam,,,,,1,
Shirakiku,Chicken,Bowl,Japan,,,,,1,
Saigon Ve Wong,Chicken,Pack,Vietnam,,,,,1,
Paldo,Chicken,Pack,South Korea,,,,,1,
Unif / Tung-I,Chicken,Pack,Taiwan,,,,,1,
Maruchan,Chicken,Pack,USA,,,,,1,
La Fonte,Chilli,Box,Indonesia,,,,,1,
Nissin,Chilli,Cup,Thailand,,,,,1,
Mamee,Chilli,Pack,Malaysia,,,,,1,
Wu-Mu,Chilli,Pack,Taiwan,,,,,1,
Eat & Go,Chilli,Cup,Indonesia,,,,,1,
Mama,Chilli,Pack,Thailand,,,,,1,
Mama,Chilli,Pack,Thailand,,,,,1,
Maitri,Chilli,Pack,Indonesia,,,,,1,
Samyang Foods,Chilli,Pack,South Korea,,,,,1,
Nissin,Chilli,Tray,USA,,,,,1,
Samyang,Chilli,Bowl,South Korea,,,,,1,
Sapporo Ichiban,Chilli,Pack,USA,,,,,1,
Koka,Chilli,Pack,Singapore,,,,,1,
Mee Jang,Chilli,Bowl,Thailand,,,,,1,
A-Sha Dry ,other,Pack,Taiwan,,,,,1,
Fantastic,coconut Milk ,Cup,Australia,,,,,1,
Pulmuone,other,Pack,South Korea,,,,,1,
Mama,other,Pack,Thailand,,,,,1,
Maruchan,Tantan,Pack,Japan,,,,,1,
Samurai,Crab,Pack,Japan,,,,,1,
Nissin,Crab,Tray,USA,,,,,1,
Paldo,Crab,Bowl,South Korea,,,,,1,
A-Sha Dry ,Crab,Pack,Taiwan,,,,,1,
HoMyeonDang,Crab,Pack,South Korea,,,,,1,
GaGa,Crab,Pack,Indonesia,,,,,1,
Nissin,Crab,Bowl,Hong Kong,,,,,1,
GS25,Crab,Pack,South Korea,,,,,1,
Kamfen,other,Bowl,Hong Kong,,,,,1,
MAMA,Curry,Cup,Thailand,,,,,1,
KOKA,Curry,Cup,Singapore,,,,,1,
Paldo,Curry,Pack,South Korea,,,,,1,
Nissin,Curry,Pack,Germany,,,,,1,
Mama Pat's,Curry,Pack,USA,,,,,1,
Mama Pat's,Curry,Pack,USA,,,,,1,
Maggi,Curry,Pack,India,,,,,1,
Chuan Wei Wang,Curry,Bowl,China,,,,,1,
Nissin,Curry,Pack,Mexico,,,,,1,
Nissin,Curry,Cup,Hong Kong,,,,,1,
Sichuan,Curry,Pack,China,,,,,1,
Ottogi,Curry,Pack,Mexico,,,,,1,
Fantastic,Curry,Cup,Australia,,,,,1,
Marutai,Curry,Pack,Japan,,,,,1,
Kang Shi Fu,Curry,Pack,Hong Kong,,,,,1,
JML,Curry,Pack,China,,,,,1,
Fuku,Curry,Pack,Hong Kong,,,,,1,
Nissin,Curry,Cup,Hong Kong,,,,,1,
Nissin,Curry,Cup,Hong Kong,,,,,1,
Great Value,Curry,Pack,Canada,,,,,1,
Maruchan,Curry,Cup,USA,,,,,1,
Master Kong,Curry,Pack,China,,,,,1,
Myojo,Curry,Pack,Japan,,,,,1,
Nissin,Curry,Bowl,Japan,,,,,1,
Nissin,Curry,Cup,Japan,,,,,1,
Nissin,Curry,Cup,USA,,,,,1,
Cintan,Curry,Pack,Malaysia,,,,,1,
Vit's,Curry,Pack,Malaysia,,,,,1,
Vit's,Curry,Pack,Malaysia,,,,,1,
Lee Fah Mee,Curry,Pack,Sarawak,,,,,1,
Yum Yum,Curry,Pack,Thailand,,,,,1,
Baixiang ,Curry,Pack,China,,,,,1,
7 Select/Nissin,Curry,Cup,Thailand,,,,,1,
Wugudaochang,Curry,Pack,China,,,,,1,
A-One,Curry,Cup,Vietnam,,,,,1,
Nissin,Curry,Pack,Singapore,,,,,1,
Mama,Curry,Cup,Thailand,,,,,1,
Maggi,Curry,Pack,Malaysia,,,,,1,
Sau Tao,Curry,Pack,Hong Kong,,,,,1,
Thai ,Curry,Pack,Germany,,,,,1,
Maggi,Curry,Cup,Malaysia,,,,,1,
Pulmuone,Curry,Pack,South Korea,,,,,1,
Mamee,Curry,Pack,Malaysia,,,,,1,
Yum Yum,Curry,Cup,Thailand,,,,,1,
ABC,Curry,Cup,Indonesia,,,,,1,
Nissin,Curry,Tray,USA,,,,,1,
A-Sha Dry ,Curry,Pack,Taiwan,,,,,1,
Itomen,Curry,Pack,Japan,,,,,1,
Sapporo Ichiban,Curry,Pack,Japan,,,,,1,
Indomie,Curry,Pack,Indonesia,,,,,1,
Deshome,Curry,Pack,Taiwan,,,,,1,
Deshome,Curry,Pack,Taiwan,,,,,1,
Itomen,Curry,Pack,Japan,,,,,1,
Wai Wai,Curry,Pack,Thailand,,,,,1,
Nongshim,Curry,Bowl,South Korea,,,,,1,
Samyang,Curry,Pack,South Korea,,,,,1,
Paldo,Curry,Cup,South Korea,,,,,1,
Koka,Curry,Bowl,Singapore,,,,,1,
Ottogi,Curry,Pack,South Korea,,,,,1,
Nongshim,Curry,Pack,South Korea,,,,,1,
Maruchan,other,Bowl,USA,,,,,1,
Omachi,other,Pack,Vietnam,,,,,1,
Mum Ngon,Duck,Pack,Vietnam,,,,,1,
Nongshim,Duck,Pack,United States,,,,,1,
Paldo,Duck,Pack,South Korea,,,,,1,
Nissin,other,Cup,Hong Kong,,,,,1,
Wu-Mu,other,Pack,Taiwan,,,,,1,
Indomie,other,Pack,Indonesia,,,,,1,
Great Value,other,Pack,Canada,,,,,1,
Unif-100,other,Pack,China,,,,,1,
Adabi,other,Pack,Malaysia,,,,,1,
n Thai Foods,other,Pack,Nepal,,,,,1,
New Touch,Garlic   ,Cup,Japan,,,,,1,
Adabi,Ginger Oil,Pack,Malaysia,,,,,1,
Nissin,other,Tray,USA,,,,,1,
JML,other,Pack,China,,,,,1,
MAMA,Kistune ,Pack,Thailand,,,,,1,
Doll,Tempura ,Pack,Hong Kong,,,,,1,
Nongshim,other,Cup,South Korea,,,,,1,
Deshome,other,Pack,Taiwan,,,,,1,
Yum-Mie,Goreng,Pack,Ghana,,,,,1,
Nissin,Goreng,Pack,Germany,,,,,1,
Nissin,Goreng,Cup,Hong Kong,,,,,1,
Sichuan,Goreng,Bowl,China,,,,,1,
Nissin,Goreng,Cup,Mexico,,,,,1,
MAMA,Goreng,Bowl,Thailand,,,,,1,
Nissin,Goreng,Cup,Hong Kong,,,,,1,
Nissin,Goreng,Cup,Thailand,,,,,1,
Acecook,Goreng,Bowl,Japan,,,,,1,
Nissin,Goreng,Pack,Germany,,,,,1,
Yum Yum,Goreng,Pack,Thailand,,,,,1,
Master Kong,Goreng,Bowl,China,,,,,1,
New Way,Goreng,Tray,Vietnam,,,,,1,
Nongshim,Goreng,Pack,USA,,,,,1,
Master Kong,Goreng,Pack,China,,,,,1,
Vedan,Goreng,Bowl,Taiwan,,,,,1,
Miliket,Goreng,Pack,Vietnam,,,,,1,
Thai Choice,Goreng,Cup,Thailand,,,,,1,
Myojo,Goreng,Tray,Japan,,,,,1,
Snapdragon,Goreng,Bowl,USA,,,,,1,
Miracle ,Goreng,Pack,USA,,,,,1,
Shan,Goreng,Pack,Pakistan,,,,,1,
Samyang Foods,Goreng,Bowl,South Korea,,,,,1,
Nissin,Goreng,Cup,Germany,,,,,1,
n Thai Foods,Goreng,Pack,Nepal,,,,,1,
Oyatsu,Goreng,Pack,Japan,,,,,1,
Deshome,Goreng,Pack,Taiwan,,,,,1,
Nissin,Goreng,Pack,Japan,,,,,1,
Indomie,Goreng,Pack,Indonesia,,,,,1,
Wei Chuan,Goreng,Pack,Taiwan,,,,,1,
Batchelors,Goreng,Pack,UK,,,,,1,
Unox,Goreng,Pack,Holland,,,,,1,
Samyang,Goreng,Pack,South Korea,,,,,1,
Nissin,Goreng,Pack,USA,,,,,1,
er,Goreng,Pack,Taiwan,,,,,1,
Saigon Ve Wong,Goreng,Pack,Vietnam,,,,,1,
Bon Go Jang,Goreng,Tray,South Korea,,,,,1,
Payless,Goreng,Pack,Philippines,,,,,1,
Myojo,Goreng,Pack,Japan,,,,,1,
Paldo,Goreng,Pack,South Korea,,,,,1,
Vina Acecook,Goreng,Pack,Vietnam,,,,,1,
Mee Jang,Goreng,Bowl,Thailand,,,,,1,
Paldo,Goreng,Bowl,South Korea,,,,,1,
Vina Acecook,Goreng,Pack,Vietnam,,,,,1,
Six Fortune,other,Pack,South Korea,,,,,1,
Amianda,other,Pack,Taiwan,,,,,1,
Maruchan,other,Bowl,USA,,,,,1,
Mi E-Zee,other,Pack,Malaysia,,,,,1,
Nissin,Hiyashi,Pack,Hong Kong,,,,,1,
Nissin,Hiyashi,Pack,India,,,,,1,
Amianda,other,Pack,Taiwan,,,,,1,
Nongshim,other,Bowl,USA,,,,,1,
Fujiwara,Hot & Sour,Pack,Japan,,,,,1,
MAMA,Hot & Sour,Pack,Myanmar,,,,,1,
Nongshim,Hot & Sour,Pack,South Korea,,,,,1,
Sun ,other,Tray,USA,,,,,1,
Salam Mie,other,Pack,Indonesia,,,,,1,
Great Value,Garlic  ,Cup,Canada,,,,,1,
Little Cook,other,Bowl,Thailand,,,,,1,
Nissin,other,Cup,USA,,,,,1,
Nissin,other,Pack,USA,,,,,1,
Saigon Ve Wong,other,Pack,Vietnam,,,,,1,
Ve Wong,other,Bowl,Taiwan,,,,,1,
Nongshim,other,Pack,South Korea,,,,,1,
Wai Wai,other,Pack,Thailand,,,,,1,
Samyang Foods,Jah Jan,Pack,South Korea,,,,,1,
La Fonte,Jah Jan,Pack,Indonesia,,,,,1,
Chewy,other,Tray,China,,,,,1,
Nissin,other,Cup,Brazil,,,,,1,
Nissin,other,Cup,Germany,,,,,1,
Saigon Ve Wong,Jjajang,Bowl,Vietnam,,,,,1,
Samyang,Jjajang,Pack,South Korea,,,,,1,
Paldo,Jjajang,Cup,South Korea,,,,,1,
Nissin,Jjajang,Pack,Thailand,,,,,1,
er,Jjajang,Bowl,Taiwan,,,,,1,
Zow Zow,Jjajang,Pack,Thailand,,,,,1,
Nagao ,Jjajang,Pack,Japan,,,,,1,
Mi,Jjajang,Pack,Indonesia,,,,,1,
Annie Chun's,Jjampong,Pack,USA,,,,,1,
Annie Chun's,Jjampong,Bowl,USA,,,,,1,
Annie Chun's,jjampong,Tray,USA,,,,,1,
Mi Sedaap,other,Pack,Indonesia,,,,,1,
Kabuto ,other,Cup,UK,,,,,1,
Nongshim,Jjajang,Bowl,South Korea,,,,,1,
Nissin,other,Pack,Hong Kong,,,,,1,
E-mi,Katsuo,Pack,Malaysia,,,,,1,
Wheat,Katsuo,Pack,China,,,,,1,
Wang,Katsuo,Bowl,South Korea,,,,,1,
Vina Acecook,Kebab,Pack,Vietnam,,,,,1,
MAMA,Kimchi,Pack,Thailand,,,,,1,
Pringles,Kimchi,Can,USA,,,,,1,
Acecook,Kimchi,Bowl,Japan,,,,,1,
Dream Kitchen,Kimchi,Cup,USA,,,,,1,
Sakurai Foods,Kimchi,Pack,Japan,,,,,1,
Maruchan,Kimchi,Pack,Japan,,,,,1,
A-Sha Dry ,Kimchi,Pack,Taiwan,,,,,1,
Hi-Myon,Kimchi,Pack,South Korea,,,,,1,
Thai Pavilion,Kimchi,Tray,USA,,,,,1,
Annie Chun's,Kimchi,Pack,USA,,,,,1,
Paldo,Kimchi,Bowl,South Korea,,,,,1,
Dragonfly,Kimchi,Pack,China,,,,,1,
Indomie,Kimchi,Pack,Indonesia,,,,,1,
Sunlee,Kimchi,Bowl,Thailand,,,,,1,
Myojo,Kimchi,Bowl,Japan,,,,,1,
Myojo,Kimchi,Bowl,Japan,,,,,1,
Nissin,Kimchi,Bowl,USA,,,,,1,
Nissin,Kimchi ,Pack,Brazil,,,,,1,
Nongshim,other,Pack,South Korea,,,,,1,
Mee Jang,other,Bowl,Thailand,,,,,1,
Pirkka,Kitsune,Pack,Finland,,,,,1,
Yum Yum,Kitsune,Bowl,Thailand,,,,,1,
Vina Acecook,Kitsune,Pack,Vietnam,,,,,1,
Myojo,Kitsune,Pack,Japan,,,,,1,
Samyang,Kitsune,Pack,South Korea,,,,,1,
Vina Acecook,other,Pack,Vietnam,,,,,1,
Nongshim,other,Pack,South Korea,,,,,1,
Shirakiku,other,Bowl,Japan,,,,,1,
Myojo,other,Pack,Singapore,,,,,1,
Nongshim,other,Bowl,USA,,,,,1,
Kamfen,other,,China,,,,,1,
Maruchan,other,Pack,USA,,,,,1,
Ottogi,other,Cup,South Korea,,,,,1,
Fujiwara,other,Pack,Japan,,,,,1,
Nongshim,other,Bowl,USA,,,,,1,
Samyang Foods,Laksa,Pack,South Korea,,,,,1,
Nissin,Laksa,Bowl,Hong Kong,,,,,1,
1 To 3,Laksa,Pack,India,,,,,1,
Nissin,Laksa,Cup,Mexico,,,,,1,
Paldo,Laksa,Pack,South Korea,,,,,1,
MAMA,Laksa,Pack,Thailand,,,,,1,
Jingqi,Laksa,Pack,Taiwan,,,,,1,
Nissin,Laksa,Cup,Hong Kong,,,,,1,
Pulmuone,Laksa,Pack,South Korea,,,,,1,
Baixiang ,Laksa,Pack,China,,,,,1,
Mama,Laksa,Pack,Myanmar,,,,,1,
Pama,Laksa,Cup,Malaysia,,,,,1,
Nongshim,Laksa,Pack,USA,,,,,1,
Kin-Dee,Laksa,Tray,Thailand,,,,,1,
Samyang Foods,Laksa,Cup,Japan,,,,,1,
Goku Uma,Laksa,Bowl,Japan,,,,,1,
Ottogi,Laksa,Bowl,South Korea,,,,,1,
Nissin,Laksa,Pack,Japan,,,,,1,
Nongshim,Laksa,Bowl,South Korea,,,,,1,
Nissin,Lemongrass,Tray,USA,,,,,1,
Ottogi,other,Pack,South Korea,,,,,1,
Paldo,Lontong ,Pack,South Korea,,,,,1,
Nongshim,Lontong ,Cup,South Korea,,,,,1,
Nissin,other,Cup,USA,,,,,1,
ABC,other,Cup,Indonesia,,,,,1,
Bon,other,Pack,Hungary,,,,,1,
Emart,other,Pack,South Korea,,,,,1,
Nissin,Masala,Cup,Hong Kong,,,,,1,
Kamfen,Masala,Tray,Hong Kong,,,,,1,
Vina Acecook,Masala,Pack,Vietnam,,,,,1,
Sau Tao,Masala,Pack,China,,,,,1,
Nissin,Masala,Bowl,Japan,,,,,1,
Samyang Foods,Mayo,Pack,South Korea,,,,,1,
Nissin,Mein,Cup,Germany,,,,,1,
Lucky Me!,Mein,Pack,Philippines,,,,,1,
,Mein,Cup,Malaysia,,,,,1,
Takamori Kosan,Mein,Pack,Japan,,,,,1,
Nissin,Mein,Bowl,Japan,,,,,1,
CJ CheilJedang,Mein,Bowl,South Korea,,,,,1,
Nissin,Mein,Pack,USA,,,,,1,
Nissin,Mein,Cup,Hong Kong,,,,,1,
Indomie,Mi,Cup,Indonesia,,,,,1,
Lucky Me!,KimCh,Bowl,Philippines,,,,,1,
Lucky Me!,Mi,Pack,Philippines,,,,,1,
Nissin,Mi,Cup,Hong Kong,,,,,1,
Maruchan,Mi,Bowl,Japan,,,,,1,
Maruchan,Mi,Bowl,Japan,,,,,1,
Nongshim,Mi,Bowl,USA,,,,,1,
MAMA,Mi,Pack,Thailand,,,,,1,
Sichuan,Mi,Bowl,China,,,,,1,
Nissin,Mi,Pack,India,,,,,1,
Nissin,other,Bowl,Japan,,,,,1,
Sakura ,Mi,Pack,USA,,,,,1,
Nissin,Mi,Pack,Singapore,,,,,1,
ABC,Mi,Cup,Indonesia,,,,,1,
Maruchan,Mi,Tray,USA,,,,,1,
Nissin,other,Cup,China,,,,,1,
New Touch,other,Bowl,Japan,,,,,1,
Sau Tao,Miso,Pack,Hong Kong,,,,,1,
Nissin,Miso,Cup,Mexico,,,,,1,
Nissin,Miso,Bowl,USA,,,,,1,
Koka,Miso,Pack,Singapore,,,,,1,
The Kitchen Food,Miso,Pack,Sarawak,,,,,1,
Wugudaochang,Miso,Pack,China,,,,,1,
Nissin,Miso,Bowl,Japan,,,,,1,
Master Kong,Miso,Pack,China,,,,,1,
Kin-Dee,Miso,Tray,Thailand,,,,,1,
ABC,Miso,Cup,Indonesia,,,,,1,
Wheat,Miso,Pack,China,,,,,1,
A-Sha Dry ,Miso,Pack,Taiwan,,,,,1,
Emart,Miso,Pack,South Korea,,,,,1,
Han's South Korea,Miso,Tray,South Korea,,,,,1,
Dragonfly,Miso,Bowl,China,,,,,1,
Mi Sedaap,Miso,Pack,Indonesia,,,,,1,
Nongshim,Miso,Pack,South Korea,,,,,1,
Unif,Miso,Bowl,Taiwan,,,,,1,
Myojo,Miso,Pack,Japan,,,,,1,
Chorip Dong,Miso,Bowl,South Korea,,,,,1,
Master Kong,other,Pack,China,,,,,1,
Bon,other,Pack,Hungary,,,,,1,
TRDP,Mushroom,Pack,India,,,,,1,
Liu Quan,Mushroom,Bowl,China,,,,,1,
Nissin,Mushroom,Pack,Mexico,,,,,1,
Nissin,Mushroom,Pack,Hong Kong,,,,,1,
Nissin,Mushroom,Cup,Thailand,,,,,1,
Mama,Mushroom,Cup,Thailand,,,,,1,
Mama,Mushroom,Pack,Thailand,,,,,1,
Nissin,Mushroom,Pack,Singapore,,,,,1,
Nissin,Mushroom,Pack,Singapore,,,,,1,
New Touch,Mushroom,Tray,Japan,,,,,1,
en Mie,Mushroom,Pack,Dubai,,,,,1,
Nongshim,Mushroom,Bowl,USA,,,,,1,
en Mie,Mushroom,Pack,Dubai,,,,,1,
Dragonfly,Mushroom,Pack,China,,,,,1,
Mi Sedaap,Mushroom,Pack,Indonesia,,,,,1,
JFC,Mushroom,Bowl,Japan,,,,,1,
Ottogi,Tanuki ,Pack,South Korea,,,,,1,
Maruchan,Nabeyaki ,Tray,USA,,,,,1,
Paldo,other,Cup,South Korea,,,,,1,
J.J.,Jjampong,Pack,Malaysia,,,,,1,
Mama,Jjampong,Cup,Thailand,,,,,1,
Menraku,Namja,Bowl,Japan,,,,,1,
Indomie,Namja,Pack,Indonesia,,,,,1,
Thai Kitchen,Namja,Pack,USA,,,,,1,
Eat & Go,Namja,Cup,Indonesia,,,,,1,
Mama,Black Pepper,Pack,Thailand,,,,,1,
Wugudaochang,other,Bowl,China,,,,,1,
Maruchan,other,Cup,USA,,,,,1,
Yum Yum,other,Pack,Thailand,,,,,1,
Wei Lih,other,Pack,Taiwan,,,,,1,
Uni-President,Onion,Pack,China,,,,,1,
Nissin,Onion,Cup,Japan,,,,,1,
Fuku,Onion,Pack,Hong Kong,,,,,1,
KOKA,Onion,Pack,Singapore,,,,,1,
Nongshim,Onion,Bowl,USA,,,,,1,
Wei Lih,Onion,Bowl,Taiwan,,,,,1,
Paldo,Onion,Tray,South Korea,,,,,1,
Samyang,Onion,Bowl,South Korea,,,,,1,
Wei Lih,Onion,Pack,Taiwan,,,,,1,
Nissin,Onion,Pack,Japan,,,,,1,
Trident,other,Pack,Australia,,,,,1,
Ve Wong,other,Bowl,Taiwan,,,,,1,
Unif,other,Bowl,Taiwan,,,,,1,
Maruchan,other,Bowl,Japan,,,,,1,
Nongshim,other,Pack,South Korea,,,,,1,
Sapporo Ichiban,other,Cup,USA,,,,,1,
Vifon,other,Pack,Vietnam,,,,,1,
Kang Shi Fu,other,Pack,Hong Kong,,,,,1,
Saigon Ve Wong,other,Bowl,Vietnam,,,,,1,
Nissin,other,Bowl,USA,,,,,1,
Nongshim,other,Pack,South Korea,,,,,1,
Ching's Secret,other,Pack,India,,,,,1,
Binh Tay,other,Pack,Vietnam,,,,,1,
Happy Cook,other,Pack,Taiwan,,,,,1,
Nissin,other,Cup,Germany,,,,,1,
Nissin,other,Pack,Japan,,,,,1,
Nissin,other,Cup,Mexico,,,,,1,
Nissin,other,Cup,China,,,,,1,
Gefen,other,Cup,USA,,,,,1,
Samyang Foods,other,Pack,South Korea,,,,,1,
Samyang Foods,other,Pack,South Korea,,,,,1,
Nissin,other,Cup,Mexico,,,,,1,
Nissin,other,Cup,Hong Kong,,,,,1,
Nissin,other,Cup,USA,,,,,1,
Sapporo Ichiban,other,Pack,Japan,,,,,1,
Binh Tay,other,Pack,Vietnam,,,,,1,
Takamori Kosan,other,Pack,Japan,,,,,1,
KOKA,Pad Thai,Pack,Singapore,,,,,1,
A-Sha Dry ,Pad Thai,Pack,Taiwan,,,,,1,
Lucky Me!,Pad Thai,Pack,Philippines,,,,,1,
Maruchan,Pad Thai,Pack,Japan,,,,,1,
Sakurai Foods,Pad Thai,Pack,Japan,,,,,1,
Sakurai Foods,Peperoncino Spaghetti,Pack,Japan,,,,,1,
Sakurai Foods,Peperoncino Spaghetti,Bowl,Japan,,,,,1,
7 Select,other,Bowl,Thailand,,,,,1,
Doll,Perisa Bayam,Pack,Hong Kong,,,,,1,
Sanpo,Perisa Bayam,Bowl,Japan,,,,,1,
Myojo,Perisa Bayam,Pack,Singapore,,,,,1,
Nissin,other,Bowl,Hong Kong,,,,,1,
Ottogi,other,Pack,South Korea,,,,,1,
GGE,Pork,Pack,Taiwan,,,,,1,
Pulmuone,Pork,Pack,South Korea,,,,,1,
Marutai,Pork,Pack,Japan,,,,,1,
Nissin,Pork,Cup,Mexico,,,,,1,
Happy Family,Pork,Pack,Singapore,,,,,1,
Nissin,Pork,Cup,Thailand,,,,,1,
Ottogi,Pork,Pack,Mexico,,,,,1,
A-Sha Dry ,Pork,Pack,Taiwan,,,,,1,
Suimin,Pork,Cup,Australia,,,,,1,
Kabuto ,Pork,Cup,UK,,,,,1,
Myojo,Pork,Bowl,Singapore,,,,,1,
Nissin,Pork,Cup,Thailand,,,,,1,
Wugudaochang,Pork,Bowl,China,,,,,1,
Master Kong,Pork,Pack,China,,,,,1,
Ottogi,Pork,Bowl,South Korea,,,,,1,
Nongshim,Pork,Cup,USA,,,,,1,
Nissin,Pork,Bowl,Japan,,,,,1,
Wu-Mu,Pork,Pack,Taiwan,,,,,1,
Mama,Pork,Pack,Thailand,,,,,1,
Annie Chun's,Pork,Pack,USA,,,,,1,
n Thai Foods,Pork,Pack,Nepal,,,,,1,
A-Sha Dry ,Pork,Pack,Taiwan,,,,,1,
Samyang Foods,Pork,Bowl,South Korea,,,,,1,
Pot ,Pork,Cup,UK,,,,,1,
Maruchan,Pork,Tray,USA,,,,,1,
FMF,Pork,Pack,Fiji,,,,,1,
Nongshim,Pork,Pack,South Korea,,,,,1,
Nongshim,Pork,Cup,South Korea,,,,,1,
Dragonfly,Pork,Bowl,China,,,,,1,
Wu Mu,Pork,Pack,Taiwan,,,,,1,
Ve Wong,Pork,Bowl,Taiwan,,,,,1,
Unif,Pork,Bowl,Taiwan,,,,,1,
Sao Tao,Pork,Pack,China,,,,,1,
Doll,Pork,Pack,Hong Kong,,,,,1,
Myojo,Pork,Pack,Japan,,,,,1,
Wai Wai,Pork,Pack,Thailand,,,,,1,
Paldo,Pork,Pack,South Korea,,,,,1,
Unif / Tung-I,Pork,Pack,Taiwan,,,,,1,
Samyang,Pork,Pack,South Korea,,,,,1,
Ibumie,Potato,Pack,Malaysia,,,,,1,
Nissin,Potato,Cup,USA,,,,,1,
Vifon,Potato,Pack,Vietnam,,,,,1,
Samyang Foods,other,Bowl,South Korea,,,,,1,
Nissin,other,Tray,USA,,,,,1,
Ten-In,other,Bowl,Taiwan,,,,,1,
Vifon,other,Bowl,Vietnam,,,,,1,
Nissin,other,Cup,Singapore,,,,,1,
Tropicana Slim,other,Pack,Indonesia,,,,,1,
Ottogi,other,Cup,South Korea,,,,,1,
Suimin,other,Cup,Australia,,,,,1,
Hosoonyi,other,Bowl,USA,,,,,1,
Mamee,other,Pack,Malaysia,,,,,1,
Wu-Mu,other,Pack,Taiwan,,,,,1,
Saigon Ve Wong,other,Bowl,Vietnam,,,,,1,
Paldo,other,Bowl,South Korea,,,,,1,
Nissin,other,Bowl,USA,,,,,1,
Dragonfly,Mi,Pack,China,,,,,1,
Nissin,Mi,Bowl,USA,,,,,1,
Doll,other,Pack,Hong Kong,,,,,1,
Knorr,other,Cup,Thailand,,,,,1,
Nissin,other,Cup,USA,,,,,1,
MAMA,other,Pack,Cambodia,,,,,1,
Nissin,other,Pack,Singapore,,,,,1,
Ve Wong,other,Bowl,Taiwan,,,,,1,
Hankow,other,Pack,China,,,,,1,
A-Sha Dry ,other,Pack,Taiwan,,,,,1,
Samyang Foods,other,Pack,South Korea,,,,,1,
Unif,other,Pack,China,,,,,1,
Hao Way,other,Pack,Malaysia,,,,,1,
Takamori Kosan,other,Pack,Japan,,,,,1,
Shirakiku,other,Pack,USA,,,,,1,
Sarimi,other,Pack,Indonesia,,,,,1,
Nissin,other,Pack,Singapore,,,,,1,
Sakura ,other,Pack,USA,,,,,1,
Nissin,other,Bowl,Japan,,,,,1,
GaGa,other,Pack,Indonesia,,,,,1,
Maruchan,other,Pack,USA,,,,,1,
Kabuto ,other,Cup,UK,,,,,1,
Kabuto ,other,Cup,UK,,,,,1,
Nissin,other,Bowl,Hong Kong,,,,,1,
Sanrio,other,Bowl,Japan,,,,,1,
Nissin,other,Cup,Hong Kong,,,,,1,
Sichuan,Seafood,Pack,China,,,,,1,
Pran,Seafood,Pack,Bangladesh,,,,,1,
Shio,Seafood,Bowl,Thailand,,,,,1,
Wai Wai,Seafood,Pack,India,,,,,1,
Four Seas,Seafood,Pack,Hong Kong,,,,,1,
Indomie,Seafood,Cup,Indonesia,,,,,1,
Kamfen,Seafood,Bowl,Hong Kong,,,,,1,
Kabuto ,Seafood,Cup,UK,,,,,1,
Ibumie,Seafood,Pack,Malaysia,,,,,1,
MAMA,Seafood,Cup,Myanmar,,,,,1,
Sichuan,Seafood,Pack,China,,,,,1,
Baijia,Seafood,Pack,China,,,,,1,
Mama,Seafood,Pack,Cambodia,,,,,1,
Mom's Dry ,Seafood,Pack,Taiwan,,,,,1,
Chencun,Seafood,Cup,China,,,,,1,
Lucky Me!,Seafood,Bowl,Philippines,,,,,1,
Indomie,Seafood,Cup,Indonesia,,,,,1,
Ruski,Seafood,Pack,Thailand,,,,,1,
Maruchan,Seafood,Cup,USA,,,,,1,
Nissin,Seafood,Bowl,USA,,,,,1,
Hi-Myon,Seafood,Pack,South Korea,,,,,1,
Nissin,Seafood,Cup,Germany,,,,,1,
Little Cook,Seafood,Bowl,Thailand,,,,,1,
Nongshim,Seafood,Bowl,USA,,,,,1,
Wheat,Seafood,Cup,China,,,,,1,
Nissin,Seafood,Cup,USA,,,,,1,
Myojo,Seafood,Pack,Japan,,,,,1,
Vifon,Seafood,Bowl,Vietnam,,,,,1,
Nissin,Seafood,Tray,USA,,,,,1,
Shirakiku,Seafood,Pack,Japan,,,,,1,
Paldo,Seafood,Pack,South Korea,,,,,1,
Vina Acecook,Seafood,Pack,Vietnam,,,,,1,
Paldo,Seafood,Pack,South Korea,,,,,1,
Myojo,Seafood,Pack,Japan,,,,,1,
Maggi,Seafood,Pack,India,,,,,1,
Nissin,Seafood,Pack,Japan,,,,,1,
Tokyo ,Seaweed,Pack,Japan,,,,,1,
Unif,Seaweed,Bowl,Taiwan,,,,,1,
Yamamoto,other,Bowl,Japan,,,,,1,
Myojo,other,Bowl,Japan,,,,,1,
Koka,other,Pack,Singapore,,,,,1,
Mama,other,Bowl,Thailand,,,,,1,
KOKA,Sesame,Cup,Singapore,,,,,1,
Samyang Foods,Sesame,Pack,South Korea,,,,,1,
Fuku,Sesame,Bowl,Hong Kong,,,,,1,
Samyang Foods,Sesame,Pack,South Korea,,,,,1,
MAMA,Sesame,Pack,Bangladesh,,,,,1,
 ,Sesame,Pack,Hungary,,,,,1,
JML,Sesame,Bowl,China,,,,,1,
Maggi,Sesame,Pack,Singapore,,,,,1,
Takamori Kosan,Sesame,Pack,Japan,,,,,1,
Paldo,Sesame,Pack,South Korea,,,,,1,
n Thai Foods,Sesame,Pack,Nepal,,,,,1,
Baltix,Sesame,Pack,Estonia,,,,,1,
Amianda,Sesame,Pack,Taiwan,,,,,1,
HoMyeonDang,Sesame,Pack,South Korea,,,,,1,
Koka,Sesame,Pack,Singapore,,,,,1,
Tasty Bite,Sesame,Pack,USA,,,,,1,
Tasty Bite,Sesame,Pack,USA,,,,,1,
Tasty Bite,Sesame,Pack,USA,,,,,1,
Tasty Bite,Sesame,Pack,USA,,,,,1,
Ko-Lee,Sesame,Pack,UK,,,,,1,
Wheat,Sesame,Bowl,China,,,,,1,
HoMyeonDang,Sesame,Pack,South Korea,,,,,1,
Maruchan,Sesame,Tray,USA,,,,,1,
Ko-Lee,Sesame,Pack,UK,,,,,1,
Nongshim,Sesame,Cup,South Korea,,,,,1,
Mi,Sesame,Pack,Indonesia,,,,,1,
Nongshim,Sesame,Pack,South Korea,,,,,1,
Sakura ,Shallot,Pack,USA,,,,,1,
Fuku,other,Pack,Hong Kong,,,,,1,
Maruchan,other,Pack,Japan,,,,,1,
Nissin,other,Cup,USA,,,,,1,
Acecook,Shin Ramyun,Cup,Japan,,,,,1,
Sau Tao,Shin Ramyun,Pack,Hong Kong,,,,,1,
Samyang Foods,Shin Ramyun,Pack,South Korea,,,,,1,
Vina Acecook,Shin Ramyun,Pack,Vietnam,,,,,1,
Nissin,Shin Ramyun,Cup,USA,,,,,1,
Ikeda Shoku,Shio,Tray,Japan,,,,,1,
Fujiwara,Shio,Pack,Japan,,,,,1,
Master Kong,Shio,Pack,China,,,,,1,
Ottogi,Shio,Pack,Mexico,,,,,1,
Pama,Shio,Pack,Malaysia,,,,,1,
 ,Shio,Pack,Hungary,,,,,1,
Maruchan,Shio,Cup,USA,,,,,1,
Indomie,Shio,Pack,Indonesia,,,,,1,
Master Kong,Shio,Bowl,China,,,,,1,
Sapporo Ichiban,Shio,Cup,Japan,,,,,1,
n Thai Foods,Shio,Pack,Nepal,,,,,1,
Sapporo Ichiban,Shio,Pack,USA,,,,,1,
Maruchan,other,Bowl,Japan,,,,,1,
Ching's Secret,Shrimp,Pack,India,,,,,1,
Nissin,Shrimp,Pack,Germany,,,,,1,
KOKA,Shrimp,Pack,Singapore,,,,,1,
Nissin,Shrimp,Cup,Mexico,,,,,1,
Love Cook,Shrimp,Pack,Taiwan,,,,,1,
Tseng ,Shrimp,Pack,Taiwan,,,,,1,
Nissin,Shrimp,Pack,Brazil,,,,,1,
Sapporo Ichiban,Shrimp,Cup,Japan,,,,,1,
Nissin,Shrimp,Bowl,Hong Kong,,,,,1,
Wei Lih,Shrimp,Pack,Taiwan,,,,,1,
 ,Shrimp,Pack,Hungary,,,,,1,
Myojo,Shrimp,Pack,Singapore,,,,,1,
Myojo,Shrimp,Pack,Singapore,,,,,1,
Forest ,Shrimp,Pack,Taiwan,,,,,1,
Master Kong,Shrimp,Bowl,China,,,,,1,
Vit's,Shrimp,Pack,Malaysia,,,,,1,
Nissin,Shrimp,Cup,Singapore,,,,,1,
Nissin,Shrimp,Bowl,Singapore,,,,,1,
Nissin,Shrimp,Cup,Singapore,,,,,1,
Osaka,Shrimp,Bowl,USA,,,,,1,
Takamori Kosan,Shrimp,Pack,Japan,,,,,1,
Takamori Kosan,Shrimp,Pack,Japan,,,,,1,
Nissin,Shrimp,Cup,Colombia,,,,,1,
Nongshim,Shrimp,Cup,South Korea,,,,,1,
n Thai Foods,Shrimp,Pack,Nepal,,,,,1,
Shio,Shrimp,Bowl,Thailand,,,,,1,
Sempio,Shrimp,Bowl,South Korea,,,,,1,
Indomie,Shrimp,Pack,Indonesia,,,,,1,
Dragonfly,Shrimp,Pack,China,,,,,1,
Pot ,Shrimp,Cup,UK,,,,,1,
Nongshim,Shrimp,Cup,South Korea,,,,,1,
Batchelors,Shrimp,Pack,UK,,,,,1,
Menraku,Shrimp,Bowl,Japan,,,,,1,
Gefen,Shrimp,Pack,USA,,,,,1,
Samyang,Shrimp,Bowl,South Korea,,,,,1,
Paldo,Shrimp,Pack,South Korea,,,,,1,
Vina Acecook,Shrimp,Pack,Vietnam,,,,,1,
Paldo,Shrimp,Tray,South Korea,,,,,1,
Ve Wong,Shrimp,Pack,Taiwan,,,,,1,
Nissin,other,Pack,USA,,,,,1,
Bamee,other,Pack,Thailand,,,,,1,
MAMA,other,Pack,Myanmar,,,,,1,
Nissin,other,Pack,Hong Kong,,,,,1,
MAMA,Soba,Pack,Thailand,,,,,1,
Nissin,Soba,Cup,Japan,,,,,1,
Love Cook,Soba,Pack,Taiwan,,,,,1,
Myojo,Soba,Pack,Singapore,,,,,1,
Mama,Soba,Pack,Myanmar,,,,,1,
Thai Smile,Soba,Bowl,USA,,,,,1,
Ottogi,Soba,Pack,South Korea,,,,,1,
Emart,Soba,Cup,South Korea,,,,,1,
Vina Acecook,Soba,Pack,Vietnam,,,,,1,
Nongshim,Soba,Pack,South Korea,,,,,1,
Mi E-Zee,Soba,Pack,Malaysia,,,,,1,
Nissin,Soba,Bowl,Japan,,,,,1,
Nongshim,Soba,Pack,South Korea,,,,,1,
Mama,Soba,Cup,Thailand,,,,,1,
Ko-Lee,Soba,Pack,UK,,,,,1,
Doll,Soba,Cup,Hong Kong,,,,,1,
Paldo,Soba,Bowl,South Korea,,,,,1,
en Wonder,Soba,Cup,UK,,,,,1,
n Thai Foods,Soba,Pack,Nepal,,,,,1,
Mama,Soba,Pack,Thailand,,,,,1,
HoMyeonDang,Soba,Pack,South Korea,,,,,1,
FMF,Soba,Pack,Fiji,,,,,1,
Vina Acecook,Soba,Pack,Vietnam,,,,,1,
Unif / Tung-I,Soba,Pack,Vietnam,,,,,1,
JML,Soba,Bowl,China,,,,,1,
Paldo,Soba,Bowl,South Korea,,,,,1,
Nongshim,Soba,Pack,South Korea,,,,,1,
Master Kong,Soba,Pack,China,,,,,1,
Batchelors,Soba,Pack,UK,,,,,1,
Ottogi,Soba,Cup,South Korea,,,,,1,
Ve Wong,Soba,Bowl,Taiwan,,,,,1,
Mama,Soba,Cup,Thailand,,,,,1,
Nissin,Soba,Tray,USA,,,,,1,
Myojo,Soba,Pack,Japan,,,,,1,
Myojo,Spicy,Pack,Singapore,,,,,1,
Daikoku,Somen,Cup,Japan,,,,,1,
Six Fortune,other,Pack,South Korea,,,,,1,
Samyang,other,Cup,South Korea,,,,,1,
Vina Acecook,other,Pack,Vietnam,,,,,1,
Dragonfly,Sour  ,Pack,China,,,,,1,
Nissin,Sour  ,Cup,Hong Kong,,,,,1,
Ottogi,Sour  ,Pack,South Korea,,,,,1,
Kamfen,Soy Source,Bowl,Hong Kong,,,,,1,
Mama Pat's,Soy Source,Pack,USA,,,,,1,
Nissin,Soy Source,Cup,Japan,,,,,1,
Xiao Ban Mian,Soy Source,Pack,Taiwan,,,,,1,
MAMA,Soy Source,Pack,Thailand,,,,,1,
Happy Family,Soy Source,Pack,Singapore,,,,,1,
Itomen,Soy Source,Pack,Japan,,,,,1,
Mama,Soy Source,Pack,Cambodia,,,,,1,
Nissin,Soy Source,Cup,Thailand,,,,,1,
Maggi,Soy Source,Pack,Malaysia,,,,,1,
Mama,Soy Source,Cup,Thailand,,,,,1,
Mamee,Soy Source,Pack,Malaysia,,,,,1,
Wu-Mu,Soy Source,Pack,Taiwan,,,,,1,
Nissin,Soy Source,Pack,Japan,,,,,1,
Samyang Foods,Soy Source,Pack,South Korea,,,,,1,
Nissin,Soy Source,Cup,USA,,,,,1,
Nissin,Soy Source,Tray,USA,,,,,1,
Tasty Bite,Soy Source,Pack,USA,,,,,1,
A-Sha Dry ,Soy Source,Pack,Taiwan,,,,,1,
Samyang Foods,Soy Source,Pack,South Korea,,,,,1,
Sapporo Ichiban,Soy Source,Cup,USA,,,,,1,
Maruchan,Soy Source,Cup,USA,,,,,1,
Indomie,Soy Source,Pack,Indonesia,,,,,1,
Vina Acecook,Soy Source,Bowl,Vietnam,,,,,1,
Long Kow,Soy Source,Bowl,China,,,,,1,
Nissin,Soy Source,Pack,USA,,,,,1,
JML,Soy Source,Bowl,China,,,,,1,
Ottogi,Soy Source,Pack,South Korea,,,,,1,
Nissin,Soy Source,Pack,USA,,,,,1,
Haioreum,Soy Source,Bowl,South Korea,,,,,1,
Batchelors,Soy Source,Pack,UK,,,,,1,
Unox,Soy Source,Pack,Holland,,,,,1,
Snapdragon,Soy Source,Cup,Singapore,,,,,1,
Paldo,Soy Source,Pack,South Korea,,,,,1,
Yamachan,Spaghetti,Pack,USA,,,,,1,
Ve Wong,Spaghetti,Pack,Taiwan,,,,,1,
Sapporo Ichiban,Spaghetti  ,Bowl,Japan,,,,,1,
Mi E-Zee,other,Pack,Malaysia,,,,,1,
Goku Uma,other,Bowl,Japan,,,,,1,
Ruski,other,Pack,Malaysia,,,,,1,
Paldo,other,Pack,South Korea,,,,,1,
Lele,Spicy,Pack,Ghana,,,,,1,
Indomie,Spicy,Pack,Indonesia,,,,,1,
Samyang Foods,Spicy,Cup,South Korea,,,,,1,
Acecook,Spicy,Bowl,Japan,,,,,1,
E-Zee,Spicy,Pack,Malaysia,,,,,1,
Ottogi,Spicy,Pack,South Korea,,,,,1,
Acecook,Spicy,Cup,Japan,,,,,1,
Shio,Spicy,Bowl,Thailand,,,,,1,
Dream Kitchen,Spicy,Bowl,USA,,,,,1,
Ve Wong,Spicy,Pack,Taiwan,,,,,1,
Nissin,Spicy,Cup,Mexico,,,,,1,
Nissin,Spicy,Pack,Mexico,,,,,1,
Nissin,Spicy,Cup,USA,,,,,1,
JML,Spicy,Pack,China,,,,,1,
Samyang Foods,Spicy,Pack,South Korea,,,,,1,
Acecook,Spicy,Pack,Vietnam,,,,,1,
Morre,Spicy,Pack,Pakistan,,,,,1,
Maruchan,Spicy,Pack,USA,,,,,1,
Nissin,Spicy,Bowl,Japan,,,,,1,
Jingqi,Spicy,Pack,Taiwan,,,,,1,
Nissin,Spicy,Pack,Hong Kong,,,,,1,
Oni Hot Pot,Spicy,Pack,Taiwan,,,,,1,
Nissin,Spicy,Cup,Mexico,,,,,1,
Maruchan,Spicy,Pack,Mexico,,,,,1,
Nissin,Spicy,Cup,Japan,,,,,1,
Tokushima Seifun,Spicy,Pack,Japan,,,,,1,
Marutai,Spicy,Bowl,Japan,,,,,1,
Ottogi,Spicy,Pack,South Korea,,,,,1,
Fujiwara,Spicy,Pack,Japan,,,,,1,
Vit's,Spicy,Pack,Malaysia,,,,,1,
Mama,Spicy,Pack,Thailand,,,,,1,
Unox,Spicy,Pack,Netherlands,,,,,1,
Master Kong,Spicy,Pack,China,,,,,1,
Mi E-Zee,Spicy,Pack,Malaysia,,,,,1,
J.J.,Spicy,Pack,Malaysia,,,,,1,
Maggi,Spicy,Pack,India,,,,,1,
Pama,Spicy,Cup,Malaysia,,,,,1,
Nissin,Spicy,Bowl,Japan,,,,,1,
Master Kong,Spicy,Pack,China,,,,,1,
Nissin,Spicy,Cup,USA,,,,,1,
Lotus Foods,Spicy,Pack,USA,,,,,1,
Maruchan,Spicy,Pack,Japan,,,,,1,
Sau Tao,Spicy,Bowl,Hong Kong,,,,,1,
ABC,Spicy,Cup,Indonesia,,,,,1,
Mi,Spicy,Pack,Indonesia,,,,,1,
Saji,Spicy,Pack,Malaysia,,,,,1,
Nissin,Spicy,Pack,Colombia,,,,,1,
Kamfen,Spicy,Pack,Hong Kong,,,,,1,
Tropicana Slim,Spicy,Pack,Indonesia,,,,,1,
Amianda,Spicy,Pack,Taiwan,,,,,1,
Star Anise Foods,Spicy,Pack,USA,,,,,1,
Unox,Spicy,Pack,Holland,,,,,1,
Wheat,Spicy,Bowl,China,,,,,1,
Ottogi,Spicy,Bowl,South Korea,,,,,1,
Amino,Spicy,Pack,Poland,,,,,1,
Paldo,Spicy,Pack,South Korea,,,,,1,
Nissin,Spicy,Pack,Japan,,,,,1,
Indomie,Spicy,Pack,Indonesia,,,,,1,
Yamachan,Spicy,Pack,USA,,,,,1,
Nongshim,Spicy,Bowl,USA,,,,,1,
Unif / Tung-I,Spicy,Pack,Taiwan,,,,,1,
Tradition,Spicy,Cup,USA,,,,,1,
Wheat,Spicy,Cup,China,,,,,1,
Nissin,Spicy,Pack,USA,,,,,1,
Vina Acecook,Spicy,Pack,Vietnam,,,,,1,
Kim's Bowl,Spicy,Bowl,Thailand,,,,,1,
Mi,Spicy,Pack,Indonesia,,,,,1,
Master Kong,Spicy,Bowl,China,,,,,1,
Sarimi,Spicy,Pack,Indonesia,,,,,1,
Kailo,Spicy,Pack,Hong Kong,,,,,1,
Daikoku,Spicy,Bowl,Japan,,,,,1,
Nissin,Spicy,Pack,USA,,,,,1,
Daikoku,Spicy,Bowl,Japan,,,,,1,
Mr. ,Spicy,Pack,South Korea,,,,,1,
Paldo,Spicy,Cup,South Korea,,,,,1,
Pot ,Spicy,Cup,UK,,,,,1,
Mee Jang,Spicy,Bowl,Thailand,,,,,1,
Vifon,Spicy,Pack,Vietnam,,,,,1,
Gomex,Spicy,Pack,Vietnam,,,,,1,
Nongshim,Spicy,Bowl,South Korea,,,,,1,
Maruchan,Spicy,Tray,USA,,,,,1,
Myojo,Spicy,Tray,Japan,,,,,1,
Ve Wong,Spicy,Pack,Taiwan,,,,,1,
Vina Acecook,Spicy,Pack,Vietnam,,,,,1,
Nissin,Spicy,Cup,USA,,,,,1,
Wu Mu,Spicy,Pack,Taiwan,,,,,1,
Koka,Spicy,Bowl,Singapore,,,,,1,
Nongshim,Spicy,Bowl,USA,,,,,1,
Nissin,Spicy,Pack,Japan,,,,,1,
Nissin,Spicy,Pack,Japan,,,,,1,
Yamachan,other,Pack,USA,,,,,1,
Mama,other,Pack,Thailand,,,,,1,
A-Sha Dry ,Stir  ,Pack,Taiwan,,,,,1,
Rhee Bros Assi,Stir  ,Tray,South Korea,,,,,1,
Samyang Foods,Stir  ,Pack,South Korea,,,,,1,
Lucky Me!,Sukiyaki,Bowl,Philippines,,,,,1,
Nongshim,Sura,Bowl,USA,,,,,1,
Paldo,Sura,Pack,South Korea,,,,,1,
Amianda,other,Pack,Taiwan,,,,,1,
Deshome,other,Pack,Taiwan,,,,,1,
Amianda,other,Pack,Taiwan,,,,,1,
Wai Wai,Tarako,Pack,Thailand,,,,,1,
Indomie,Tempura ,Pack,Indonesia,,,,,1,
Myojo,other,Pack,USA,,,,,1,
Sun ,Tofu  ,Tray,USA,,,,,1,
KOKA,Tom Yam,Pack,Singapore,,,,,1,
Nissin,Tom Yam,Cup,Hong Kong,,,,,1,
Bamee,Tom Yam,Pack,Thailand,,,,,1,
Nakaya Shouten,Tom Yam,Pack,Japan,,,,,1,
Wai Wai,Tom Yam,Pack,Thailand,,,,,1,
JML,Tom Yam,Bowl,China,,,,,1,
Master Kong,Tom Yam,Pack,China,,,,,1,
A1,Tom Yam,Pack,Malaysia,,,,,1,
Mama,Tom Yam,Cup,Thailand,,,,,1,
Ko-Lee,Tom Yam,Pack,UK,,,,,1,
Nissin,Tom Yam,Pack,Hong Kong,,,,,1,
Mama,Tom Yam,Pack,Thailand,,,,,1,
Nongshim,Tom Yum,Pack,South Korea,,,,,1,
Samyang Foods,Tom Yum,Bowl,South Korea,,,,,1,
Sichuan,Tom Yum,Bowl,China,,,,,1,
New Touch,Tom Yum,Bowl,Japan,,,,,1,
Nissin,Tom Yum,Pack,Hungary,,,,,1,
Nissin,Tom Yum,Cup,China,,,,,1,
KOKA,Tom Yum,Pack,Singapore,,,,,1,
 Bihun,Tom Yum,Pack,Indonesia,,,,,1,
Nissin,Tom Yum,Cup,Hong Kong,,,,,1,
Nissin,Tom Yum,Cup,Hong Kong,,,,,1,
Nissin,Tom Yum,Cup,USA,,,,,1,
Nissin,Tom Yum,Cup,Hong Kong,,,,,1,
Xiao Ban Mian,Tom Yum,Pack,Taiwan,,,,,1,
Pran,Tom Yum,Pack,Bangladesh,,,,,1,
Jingqi,Tom Yum,Pack,Taiwan,,,,,1,
7 Select,Tom Yum,Bowl,Thailand,,,,,1,
Nissin,Tom Yum,Cup,Thailand,,,,,1,
Nissin,Tom Yum,Pack,USA,,,,,1,
iMee,Tom Yum,Pack,Netherlands,,,,,1,
Myojo,Tom Yum,Pack,Singapore,,,,,1,
Mama,Tom Yum,Cup,Myanmar,,,,,1,
Mama,Tom Yum,Cup,Thailand,,,,,1,
Wai Wai,Tom Yum,Cup,Thailand,,,,,1,
Mama,Tom Yum,Pack,Bangladesh,,,,,1,
A1,Tom Yum,Pack,Malaysia,,,,,1,
Mama,Tom Yum,Cup,Thailand,,,,,1,
Men-Sunaoshi,Tom Yum,Pack,Japan,,,,,1,
Maruchan,Tom Yum,Cup,USA,,,,,1,
Baixiang ,Tom Yum,Pack,China,,,,,1,
Oyatsu,Tom Yum,Pack,Japan,,,,,1,
Myojo,Tom Yum,Pack,Singapore,,,,,1,
Ottogi,Tom Yum,Bowl,South Korea,,,,,1,
Sunlee,Tom Yum,Bowl,Thailand,,,,,1,
Uni-President,Tom Yum,Cup,Taiwan,,,,,1,
Ottogi,Tom Yum,Pack,South Korea,,,,,1,
Menraku,Tom Yum,Bowl,Japan,,,,,1,
Nongshim,Tom Yum,Pack,South Korea,,,,,1,
Nissin,Tomato,Pack,Germany,,,,,1,
Hua Feng,Tomato,Pack,China,,,,,1,
Fuku,Tomato,Pack,Hong Kong,,,,,1,
Nissin,Tomato,Pack,Thailand,,,,,1,
Suimin,Tomato,Cup,Australia,,,,,1,
Fujiwara,Tomato,Pack,Japan,,,,,1,
Vifon,Tomato,Pack,Vietnam,,,,,1,
Mamee,Tomato,Cup,Malaysia,,,,,1,
Yamamoto,Tomato,Bowl,Japan,,,,,1,
Sapporo Ichiban,Tomato,Cup,USA,,,,,1,
Indomie,Tomato,Pack,Indonesia,,,,,1,
KOKA,Tonjiru,Cup,Singapore,,,,,1,
Nissin,Tonkotsu,Cup,Hong Kong,,,,,1,
Nissin,Tonkotsu,Cup,Germany,,,,,1,
Nissin,Tonkotsu,Cup,Hong Kong,,,,,1,
Master Kong,Tonkotsu,Pack,China,,,,,1,
Nissin,Tonkotsu,Cup,USA,,,,,1,
Nongshim,Tonkotsu,Pack,USA,,,,,1,
Sakura ,Tonkotsu,Pack,USA,,,,,1,
ABC,Tonkotsu,Cup,Indonesia,,,,,1,
Maruchan,Tonkotsu,Pack,Japan,,,,,1,
Nissin,Tonkotsu,Pack,Japan,,,,,1,
Mama,Tonkotsu,Bowl,Thailand,,,,,1,
Wang,other,Bowl,South Korea,,,,,1,
KOKA,Tuna,Pack,Singapore,,,,,1,
Nissin,Udon,Pack,Japan,,,,,1,
Ching's Secret,Veagan,Pack,India,,,,,1,
Nissin,Veagan,Cup,Japan,,,,,1,
Mama Pat's,Veagan,Pack,USA,,,,,1,
Farmer's Heart,Veagan,Bowl,USA,,,,,1,
Nissin,Veagan,Cup,Mexico,,,,,1,
Mamee,Veagan,Pack,Malaysia,,,,,1,
Mama,Veagan,Pack,Thailand,,,,,1,
Ohsung,Veagan,Bowl,South Korea,,,,,1,
Paldo,Veagan,Cup,South Korea,,,,,1,
Wei Lih,Veagan,Pack,Taiwan,,,,,1,
Lucky Me!,Veagan,Pack,Philippines,,,,,1,
Vina Acecook,Veagan,Pack,Vietnam,,,,,1,
Fu Chang Chinese  Company,Veagan,Tray,USA,,,,,1,
Doll,Veagan,Pack,Hong Kong,,,,,1,
Koka,Veagan,Pack,Singapore,,,,,1,
Vifon,Veagan,Bowl,Vietnam,,,,,1,
Myojo,Veagan,Bowl,Japan,,,,,1,
Sokensha,Vegetable,Pack,Japan,,,,,1,
Singa-Me,Vegetable,Cup,Australia,,,,,1,
Nissin,Vegetable,Pack,Thailand,,,,,1,
Great Value,Vegetable,Pack,Canada,,,,,1,
Cintan,Vegetable,Pack,Malaysia,,,,,1,
Maruchan,Vegetable,Pack,Japan,,,,,1,
Maggi,Vegetable,Pack,Singapore,,,,,1,
Ko-Lee,Vegetable,Pack,UK,,,,,1,
Myojo,Vegetable,Pack,Japan,,,,,1,
Pop Bihun,Vegetable,Pack,Indonesia,,,,,1,
Nissin,Vegetable,Cup,Japan,,,,,1,
Vina Acecook,Vegetable,Pack,Vietnam,,,,,1,
Unox,Vegetable,Pack,Holland,,,,,1,
Mi,Vegetable,Pack,Indonesia,,,,,1,
Nongshim,Vegetable,Pack,USA,,,,,1,
Wheat,Vegetable,Pack,China,,,,,1,
Paldo,Vegetable,Bowl,South Korea,,,,,1,
Snapdragon,Vegetable,Cup,Singapore,,,,,1,
i,Vegetable,Pack,Taiwan,,,,,1,
Nissin,Vegetable,Pack,Japan,,,,,1,
Rhee Bros Assi,Vegetable,Tray,South Korea,,,,,1,
Ve Wong,Vermicelli,Pack,Taiwan,,,,,1,
Myojo,Vermicelli,Pack,Japan,,,,,1,
Samyang,Vermicelli,Pack,South Korea,,,,,1,
Love Cook,Wasabi ,Pack,Taiwan,,,,,1,
Sapporo Ichiban,Wheat,Bowl,Japan,,,,,1,
Chencun,Wheat,Cup,China,,,,,1,
Unif / Tung-I,Wheat,Pack,Taiwan,,,,,1,
Econsave,Wonton,Pack,Malaysia,,,,,1,
Nissin,Wonton,Cup,Hong Kong,,,,,1,
Vifon,Wonton,Pack,Vietnam,,,,,1,
Pamana,XO,Cup,Philippines,,,,,1,
Maruchan,XO,Bowl,Japan,,,,,1,
Samyang Foods, other,Pack,South Korea,,,,,,1
Indomie, other,Pack,Indonesia,,,,,,1
Indomie, other,Pack,Indonesia,,,,,,1
Myojo, other,Bowl,Japan,,,,,,1
Nissin, other,Pack,Hong Kong,,,,,,1
MyKuali, other,Pack,Malaysia,,,,,,1
Nissin, other,Bowl,Japan,,,,,,1
 Bihun, other,Pack,Indonesia,,,,,,1
Thai , other,Pack,Hungary,,,,,,1
Marutai, other,Pack,Japan,,,,,,1
ABC, other,Pack,Indonesia,,,,,,1
Nissin, other,Pack,USA,,,,,,1
Samyang Foods, other,Pack,South Korea,,,,,,1
Nissin, other,Cup,Brazil,,,,,,1
Mama, other,Pack,Thailand,,,,,,1
Mamee, other,Cup,Malaysia,,,,,,1
KOKA, other,Cup,Singapore,,,,,,1
Mom's Dry , other,Pack,Taiwan,,,,,,1
Indomie, other,Pack,Indonesia,,,,,,1
Pulmuone,Anchovy,Pack,South Korea,,,,,,1
Samyang Foods,Bacon,Bowl,South Korea,,,,,,1
Tseng ,Bacon,Pack,Taiwan,,,,,,1
Samyang Foods,Bean,Pack,South Korea,,,,,,1
MAMA,Bean,Pack,Thailand,,,,,,1
Kuriki,Bean,Pack,Japan,,,,,,1
Mama,Bean,Cup,Thailand,,,,,,1
Mamee,Bean,Cup,Malaysia,,,,,,1
Nongshim,Bean,Cup,USA,,,,,,1
Yamamori,Bean,Pack,Japan,,,,,,1
MyKuali,Beef,Bowl,Malaysia,,,,,,1
Paldo,Beef,Bowl,South Korea,,,,,,1
KOKA,Beef,Cup,Singapore,,,,,,1
Nissin,Beef,Bowl,Japan,,,,,,1
TTL,Beef,Bowl,Taiwan,,,,,,1
Just Way,Beef,Pack,Taiwan,,,,,,1
Uni-President,Beef,Bowl,Taiwan,,,,,,1
Sau Tao,Beef,Pack,Hong Kong,,,,,,1
MyKuali,Beef,Box,Malaysia,,,,,,1
Nissin,Beef,Pack,India,,,,,,1
Samyang Foods,Beef,Pack,South Korea,,,,,,1
Paldo,Beef,Pack,South Korea,,,,,,1
Ogasawara,Beef,Pack,Japan,,,,,,1
Sichuan,Beef,Pack,China,,,,,,1
Nissin,Beef,Bowl,Japan,,,,,,1
Myojo,Beef,Pack,Singapore,,,,,,1
Mr. Lee's ,Beef,Cup,UK,,,,,,1
MAMA,Beef,Cup,Thailand,,,,,,1
Jingqi,Beef,Pack,Taiwan,,,,,,1
Nissin,Beef,Bowl,Japan,,,,,,1
Nissin,Beef,Bowl,Japan,,,,,,1
Fuku,Beef,Bowl,Hong Kong,,,,,,1
Nissin,Beef,Cup,Hong Kong,,,,,,1
Mi Sedaap,Beef,Pack,Indonesia,,,,,,1
Maruchan,Beef,Bowl,USA,,,,,,1
MyKuali,Beef,Cup,Malaysia,,,,,,1
MyKuali,Beef,Cup,Malaysia,,,,,,1
Nissin,Beef,Pack,Japan,,,,,,1
Nissin,Beef,Cup,Japan,,,,,,1
Prima ,Beef,Pack,Singapore,,,,,,1
CarJEN,Beef,Pack,Malaysia,,,,,,1
MyOri,Beef,Pack,Malaysia,,,,,,1
Nissin,Beef,Cup,Japan,,,,,,1
Prima,Beef,Pack,Singapore,,,,,,1
Prima,Beef,Pack,Singapore,,,,,,1
MAMA,Beef,Pack,Myanmar,,,,,,1
Indomie,Beef,Cup,Indonesia,,,,,,1
Nissin,Beef,Pack,USA,,,,,,1
Forest ,Beef,Pack,Taiwan,,,,,,1
Tseng ,Beef,Pack,Taiwan,,,,,,1
Sichuan,Beef,Pack,China,,,,,,1
Sugakiya Foods,Beef,Bowl,Japan,,,,,,1
,Beef,Cup,Malaysia,,,,,,1
Torishi,Beef,Pack,Japan,,,,,,1
JML,Beef,Pack,China,,,,,,1
JML,Beef,Bowl,China,,,,,,1
JML,Beef,Pack,China,,,,,,1
Mama,Beef,Pack,Myanmar,,,,,,1
Nissin,Beef,Bowl,Japan,,,,,,1
Premiere,Beef,Pack,Malaysia,,,,,,1
Mama,Beef,Pack,Thailand,,,,,,1
A-Sha Dry ,Beef,Pack,Taiwan,,,,,,1
Salam Mie,Beef,Pack,Indonesia,,,,,,1
Chering Chang,Beef,Pack,Taiwan,,,,,,1
Ibumie,Beef,Pack,Malaysia,,,,,,1
Mama,Beef,Pack,Thailand,,,,,,1
Maggi,Beef,Pack,Singapore,,,,,,1
Oyatsu,Beef,Pack,Japan,,,,,,1
Takamori Kosan,Beef,Pack,Japan,,,,,,1
Mamee,Beef,Pack,Malaysia,,,,,,1
GaGa,Beef,Cup,Indonesia,,,,,,1
Tablemark,Beef,Pack,Japan,,,,,,1
Samyang Foods,Beef,Pack,South Korea,,,,,,1
Nissin,Beef,Bowl,Hong Kong,,,,,,1
Sun ,Beef,Tray,USA,,,,,,1
Nongshim,Beef,Cup,South Korea,,,,,,1
Paldo,Beef,Pack,South Korea,,,,,,1
Nongshim,Beef,Bowl,USA,,,,,,1
Indomie,Beef,Pack,Indonesia,,,,,,1
Indomie,Beef,Pack,Indonesia,,,,,,1
Payless,Beef,Pack,Philippines,,,,,,1
Indomie,Beef,Pack,Indonesia,,,,,,1
Myojo,Bibim Men,Tray,Japan,,,,,,1
Nissin,Chanpon,Tray,USA,,,,,,1
Sapporo Ichiban,Chanpon,Pack,USA,,,,,,1
Nissin,Cheese,Bowl,Japan,,,,,,1
Nongshim,Cheese,Pack,USA,,,,,,1
Tao Kae Noi,Chicken,Pack,Thailand,,,,,,1
Nissin,Chicken,Pack,Indonesia,,,,,,1
Nissin,Chicken,Cup,Singapore,,,,,,1
MyKuali,Chicken,Pack,Malaysia,,,,,,1
TTL,Chicken,Pack,Taiwan,,,,,,1
Kiki ,Chicken,Pack,Taiwan,,,,,,1
Maruchan,Chicken,Bowl,Japan,,,,,,1
Nissin,Chicken,Cup,Hong Kong,,,,,,1
TTL,Chicken,Bowl,Taiwan,,,,,,1
KOKA,Chicken,Pack,Singapore,,,,,,1
Myojo,Chicken,Tray,Japan,,,,,,1
Xiao Ban Mian,Chicken,Pack,Taiwan,,,,,,1
Nissin,Chicken,Bowl,Japan,,,,,,1
Nissin,Chicken,Cup,Japan,,,,,,1
Nissin,Chicken,Bowl,Japan,,,,,,1
Pulmuone,Chicken,Pack,South Korea,,,,,,1
Menraku,Chicken,Bowl,Japan,,,,,,1
A-Sha Dry ,Chicken,Tray,Taiwan,,,,,,1
Nissin,Chicken,Cup,Japan,,,,,,1
Nongshim,Chicken,Cup,USA,,,,,,1
Nissin,Chicken,Pack,Singapore,,,,,,1
Nissin,Chicken,Cup,Hong Kong,,,,,,1
Nongshim,Chicken,Pack,USA,,,,,,1
MyKuali,Chicken,Pack,Malaysia,,,,,,1
Nissin,Chicken,Bowl,Japan,,,,,,1
MyOri,Chicken,Pack,Malaysia,,,,,,1
Tokushima Seifun,Chicken,Pack,Japan,,,,,,1
Nissin,Chicken,Pack,Japan,,,,,,1
Love Cook,Chicken,Pack,Taiwan,,,,,,1
Nissin,Chicken,Bowl,Japan,,,,,,1
Nissin,Chicken,Pack,USA,,,,,,1
Mama,Chicken,Pack,Cambodia,,,,,,1
Forest ,Chicken,Pack,Taiwan,,,,,,1
iMee,Chicken,Pack,Netherlands,,,,,,1
JML,Chicken,Pack,China,,,,,,1
New Touch,Chicken,Bowl,Japan,,,,,,1
Wu-Mu,Chicken,Pack,Taiwan,,,,,,1
Mama,Chicken,Cup,Myanmar,,,,,,1
Baixiang ,Chicken,Pack,China,,,,,,1
Deshome,Chicken,Pack,Taiwan,,,,,,1
ChoripDong,Chicken,Bowl,South Korea,,,,,,1
Hao Way,Chicken,Pack,Malaysia,,,,,,1
Mamee,Chicken,Pack,Malaysia,,,,,,1
Master Kong,Chicken,Pack,China,,,,,,1
MyKuali,Chicken,Pack,Malaysia,,,,,,1
Plats Du ,Chicken,Bowl,Canada,,,,,,1
Samyang Foods,Chicken,Pack,South Korea,,,,,,1
Nissin,Chicken,Pack,Japan,,,,,,1
Amianda,Chicken,Pack,Taiwan,,,,,,1
Nongshim,Chicken,Cup,South Korea,,,,,,1
Sun ,Chicken,Pack,USA,,,,,,1
Daddy,Chicken,Pack,Malaysia,,,,,,1
Nongshim,Chicken,Bowl,USA,,,,,,1
Seven-Eleven,Chicken,Cup,Japan,,,,,,1
Uni-President,Chicken,Pack,Taiwan,,,,,,1
Indomie,Chicken,Pack,Indonesia,,,,,,1
Indomie,Chicken,Pack,Indonesia,,,,,,1
Koka,Chicken,Pack,Singapore,,,,,,1
Nongshim,Chicken,Pack,South Korea,,,,,,1
Menraku,Chicken,Bowl,Japan,,,,,,1
Itomen,Chicken,Bowl,Japan,,,,,,1
Menraku,Chicken,Bowl,Japan,,,,,,1
Myojo,Chicken,Bowl,Japan,,,,,,1
Koka,Chicken,Pack,Singapore,,,,,,1
Nissin,Chicken,Tray,Japan,,,,,,1
Koka,Chicken,Pack,Singapore,,,,,,1
Indomie,Chicken,Pack,Indonesia,,,,,,1
Indomie,Chicken,Pack,Indonesia,,,,,,1
Prima ,Chilli,Pack,Singapore,,,,,,1
Prima ,Chilli,Pack,Singapore,,,,,,1
Higashimaru,Chilli,Pack,Japan,,,,,,1
MyKuali,Chilli,Pack,Malaysia,,,,,,1
Ko-Lee,Chilli,Pack,UK,,,,,,1
Myojo,Chilli,Tray,Japan,,,,,,1
Daikoku,Chilli,Bowl,Japan,,,,,,1
Dragonfly,Chilli,Bowl,China,,,,,,1
Vina Acecook,Chilli,Pack,Vietnam,,,,,,1
Maruchan,Chilli,Pack,USA,,,,,,1
MAMA,other,Pack,Myanmar,,,,,,1
Myojo,other,Pack,USA,,,,,,1
Indomie,Clam,Pack,Indonesia,,,,,,1
Nissin,other,Bowl,Japan,,,,,,1
Yamachan,Crab,Pack,USA,,,,,,1
Nissin,Crab,Cup,Japan,,,,,,1
Uni-President,Crab,Pack,Taiwan,,,,,,1
CarJEN,Crab,Pack,Malaysia,,,,,,1
Samyang Foods,Crab,Pack,South Korea,,,,,,1
Seven & I,Crab,Bowl,Japan,,,,,,1
Paldo,Crab,Bowl,South Korea,,,,,,1
Ruski,Crab,Pack,Thailand,,,,,,1
Peyang,Crab,Tray,Japan,,,,,,1
Wu Mu,Crab,Pack,Taiwan,,,,,,1
Indomie,other,Pack,Indonesia,,,,,,1
Nissin,Curry,Bowl,Japan,,,,,,1
Nissin,Curry,Pack,Germany,,,,,,1
Kiki ,Curry,Pack,Taiwan,,,,,,1
Nissin,Curry,Pack,Hong Kong,,,,,,1
CarJEN,Curry,Pack,Malaysia,,,,,,1
Nissin,Curry,Bowl,Japan,,,,,,1
Vit's,Curry,Pack,Malaysia,,,,,,1
Paldo,Curry,Bowl,South Korea,,,,,,1
Paldo,Curry,Bowl,South Korea,,,,,,1
Mi Sedaap,Curry,Pack,Indonesia,,,,,,1
Nissin,Curry,Tray,Japan,,,,,,1
Paldo,other,Pack,South Korea,,,,,,1
Takamori Kosan,other,Pack,Japan,,,,,,1
Sau Tao,other,Bowl,Hong Kong,,,,,,1
Nongshim,other,Pack,South Korea,,,,,,1
Prima,Duck,Pack,Singapore,,,,,,1
Uni-President,Duck,Bowl,Taiwan,,,,,,1
Nyor Nyar,Duck,Pack,Malaysia,,,,,,1
Nissin,Duck,Bowl,Japan,,,,,,1
Doll,Duck,Pack,Hong Kong,,,,,,1
Komforte Chockolates,Garlic Pepper,Bar,USA,,,,,,1
Nissin,Gomtang,Cup,Singapore,,,,,,1
KOKA,Gomtang,Pack,Singapore,,,,,,1
Nanyang ,other,Pack,Malaysia,,,,,,1
Ikeda Shoku,Goreng,Bowl,Japan,,,,,,1
Mr. Lee's ,Goreng,Cup,UK,,,,,,1
Maruchan,Goreng,Cup,USA,,,,,,1
Myojo,Goreng,Bowl,Singapore,,,,,,1
Maggi,Goreng,Pack,Malaysia,,,,,,1
Samyang Foods,Goreng,Bowl,South Korea,,,,,,1
Nongshim,Goreng,Pack,South Korea,,,,,,1
Menraku,Goreng,Bowl,Japan,,,,,,1
Ibumie,Goreng,Pack,Malaysia,,,,,,1
Nongshim,Goreng,Pack,South Korea,,,,,,1
Mi Sedaap,Goreng,Pack,Indonesia,,,,,,1
chow,Goreng,Pack,Philippines,,,,,,1
ABC,other,Pack,Indonesia,,,,,,1
Sun ,other,Tray,USA,,,,,,1
Yamachan,other,Pack,USA,,,,,,1
Mama,Hot & Sour,Pack,Thailand,,,,,,1
Yamachan,Hot & Sour,Pack,USA,,,,,,1
Sun ,Hot & Sour,Tray,USA,,,,,,1
Indomie,other,Pack,Indonesia,,,,,,1
Nongshim,other,Tray,South Korea,,,,,,1
Urban ,other,Cup,UK,,,,,,1
Nissin,other,Pack,USA,,,,,,1
Sunlee,other,Bowl,Thailand,,,,,,1
Nissin,other,Pack,Japan,,,,,,1
Yamachan,Spicy,Pack,USA,,,,,,1
KOKA,Shio,Cup,Singapore,,,,,,1
Maggi,Lobster,Pack,India,,,,,,1
Mi,Jjajang,Pack,Indonesia,,,,,,1
Sempio,Jjajang,Pack,South Korea,,,,,,1
Oni Hot Pot,Jjajang,Pack,Taiwan,,,,,,1
Lucky Me!,Jjajang,Pack,Philippines,,,,,,1
Vit's,Jjajang,Pack,Malaysia,,,,,,1
Jingqi,other,Pack,Taiwan,,,,,,1
CarJEN,other,Pack,Malaysia,,,,,,1
Sakurai Foods,Katsuo,Pack,Japan,,,,,,1
Nissin,other,Cup,USA,,,,,,1
Maruchan,Kimchi,Bowl,Japan,,,,,,1
MyKuali,Kimchi,Bowl,Malaysia,,,,,,1
Wang,Kimchi,Bowl,South Korea,,,,,,1
Maruchan,Kimchi,Bowl,Japan,,,,,,1
Myojo,Kimchi,Bowl,Singapore,,,,,,1
New Touch,Kimchi,Bowl,Japan,,,,,,1
CarJEN,Kimchi,Pack,Malaysia,,,,,,1
Wugudaochang,Kimchi,Pack,China,,,,,,1
Myojo,Kimchi,Tray,Japan,,,,,,1
Takamori Kosan,Kimchi,Pack,Japan,,,,,,1
Sapporo Ichiban,Kimchi,Pack,Japan,,,,,,1
Nongshim,Kimchi,Pack,China,,,,,,1
Yamachan,Kimchi,Pack,USA,,,,,,1
Mamee,Lobster,Pack,Malaysia,,,,,,1
Deshome,Kitsune,Pack,Taiwan,,,,,,1
Nissin,Kitsune,Pack,Japan,,,,,,1
Samyang Foods,other,Bowl,South Korea,,,,,,1
Mama,Laksa,Cup,Thailand,,,,,,1
Nongshim,Lemongrass,Cup,USA,,,,,,1
Vit's,Lobster,Pack,Malaysia,,,,,,1
Samyang Foods,other,Pack,South Korea,,,,,,1
Foodmon,Masala,Bowl,South Korea,,,,,,1
Lucky Me!,Masala,Pack,Philippines,,,,,,1
Mi Sedaap,Meatball ,Pack,Indonesia,,,,,,1
Yamachan,Mein,Pack,USA,,,,,,1
Uni-President,Mein,Bowl,Taiwan,,,,,,1
Nongshim,Mein,Pack,South Korea,,,,,,1
A-Sha Dry ,Mein,Pack,Taiwan,,,,,,1
MyKuali,Mein,Pack,Malaysia,,,,,,1
Mama,Mein,Pack,Thailand,,,,,,1
Sapporo Ichiban,Mentaiko,Pack,Canada,,,,,,1
Nissin,Mi,Cup,Hong Kong,,,,,,1
Maggi,other,Pack,Australia,,,,,,1
Nissin,Miso,Bowl,Japan,,,,,,1
Nissin,Miso,Cup,Singapore,,,,,,1
World O' ,Miso,Pack,Indonesia,,,,,,1
Daikoku,Miso,Tray,Japan,,,,,,1
Indomie,Miso,Pack,Indonesia,,,,,,1
Ottogi,Miso,Bowl,South Korea,,,,,,1
Yamachan,Miso,Pack,USA,,,,,,1
Indomie,Miso,Cup,Indonesia,,,,,,1
Sapporo Ichiban,Miso,Pack,Japan,,,,,,1
Annie Chun's,other,Bowl,USA,,,,,,1
Nissin,Mushroom,Pack,Hong Kong,,,,,,1
Samyang Foods,Mushroom,Pack,South Korea,,,,,,1
Nissin,Mushroom,Pack,Japan,,,,,,1
Nissin,Mushroom,Cup,Japan,,,,,,1
MyKuali,Mushroom,Pack,Malaysia,,,,,,1
Fujiwara,Mushroom,Pack,Japan,,,,,,1
Maggi,Mushroom,Cup,Malaysia,,,,,,1
Mom's Dry ,Mushroom,Pack,Taiwan,,,,,,1
Nongshim,Mushroom,Cup,South Korea,,,,,,1
Sapporo Ichiban,Mushroom,Pack,USA,,,,,,1
Nissin,Jjampong,Bowl,Japan,,,,,,1
ABC,Nam Vang,Pack,Indonesia,,,,,,1
Indomie,Nam Vang,Pack,Indonesia,,,,,,1
Goku-Uma,Onion,Bowl,USA,,,,,,1
New Touch,Onion,Bowl,Japan,,,,,,1
Nissin,Onion,Pack,Thailand,,,,,,1
ORee Garden,Onion,Bowl,Malaysia,,,,,,1
Mamee,Onion,Pack,Malaysia,,,,,,1
Mi Sedaap,Onion,Cup,Indonesia,,,,,,1
Paldo,Onion,Pack,South Korea,,,,,,1
Indomie,Onion,Pack,Indonesia,,,,,,1
Sichuan,other,Bowl,China,,,,,,1
Vit's,other,Pack,Malaysia,,,,,,1
Mom's Dry ,other,Pack,Taiwan,,,,,,1
Paldo,other,Bowl,South Korea,,,,,,1
Master Kong,other,Pack,China,,,,,,1
Nongshim,other,Bowl,South Korea,,,,,,1
Emart,other,Pack,South Korea,,,,,,1
Itsuki,other,Bowl,Japan,,,,,,1
KOKA,other,Cup,Singapore,,,,,,1
Samyang Foods,other,Pack,South Korea,,,,,,1
Daifuku,other,Bowl,USA,,,,,,1
Indomie,Pad Thai,Pack,Indonesia,,,,,,1
Amianda,Pancit Canton,Pack,Taiwan,,,,,,1
Payless,Pancit Canton,Pack,Philippines,,,,,,1
Nissin,Pancit Canton,Pack,Brazil,,,,,,1
Wu Mu,Pancit Canton,Pack,Taiwan,,,,,,1
Wei Lih,Pancit Canton,Pack,Taiwan,,,,,,1
A-Sha Dry ,Pho Ga,Pack,Taiwan,,,,,,1
KOKA,Pho Ga,Bowl,Singapore,,,,,,1
Mom's Dry ,Pho Ga   ,Pack,Taiwan,,,,,,1
Nissin,Pho Ga,Cup,Hong Kong,,,,,,1
Uni-President,Pizza,Bowl,Taiwan,,,,,,1
Nissin,other,Tray,USA,,,,,,1
Nissin,Pork,Cup,USA,,,,,,1
Happy Cook,Pork,Pack,Taiwan,,,,,,1
Nissin,Pork,Bowl,Japan,,,,,,1
Nissin,Pork,Cup,Japan,,,,,,1
Love Cook,Pork,Pack,Taiwan,,,,,,1
Vit's,Pork,Pack,Malaysia,,,,,,1
Yum Yum,Pork,Bowl,Thailand,,,,,,1
Wugudaochang,Pork,Bowl,China,,,,,,1
Nongshim,Pork,Pack,USA,,,,,,1
CarJEN,Pork,Pack,Malaysia,,,,,,1
Mama,Pork,Pack,Thailand,,,,,,1
Chering Chang,Pork,Pack,Taiwan,,,,,,1
Eat & Go,Pork,Cup,Indonesia,,,,,,1
Nissin,Pork,Bowl,Japan,,,,,,1
Paldo,Pork,Cup,South Korea,,,,,,1
Sarimi,Pork,Pack,Indonesia,,,,,,1
Nongshim,Pork,Pack,South Korea,,,,,,1
Samyang,Pork,Pack,South Korea,,,,,,1
Yamamoto,Pork,Bowl,Japan,,,,,,1
Dragonfly,Pork,Bowl,China,,,,,,1
Fuku,Pork,Pack,Hong Kong,,,,,,1
Indomie,Pork,Pack,Indonesia,,,,,,1
Jackpot Teriyaki,Potato,Pack,USA,,,,,,1
Nissin,Potato,Bowl,Hong Kong,,,,,,1
Little Cook,Teriyaki,Bowl,Thailand,,,,,,1
Paldo,other,Pack,South Korea,,,,,,1
Nanyang ,other,Pack,Malaysia,,,,,,1
MAMA,other,Pack,Thailand,,,,,,1
Indomie,other,Pack,Indonesia,,,,,,1
Nongshim,other,Pack,South Korea,,,,,,1
Ibumie,other,Pack,Malaysia,,,,,,1
Mi,other,Pack,Indonesia,,,,,,1
Nissin,other,Pack,Japan,,,,,,1
Deshome,other,Pack,Taiwan,,,,,,1
Annie Chun's,other,Pack,USA,,,,,,1
Fujiwara,Seafood,Pack,Japan,,,,,,1
Nissin,Seafood,Cup,Hong Kong,,,,,,1
Kamfen,Seafood,Bowl,Hong Kong,,,,,,1
Nissin,Seafood,Cup,Mexico,,,,,,1
Jingqi,Seafood,Pack,Taiwan,,,,,,1
Nissin,Seafood,Cup,Thailand,,,,,,1
Mom's Dry ,Seafood,Pack,Taiwan,,,,,,1
Wei Lih,Seafood,Bowl,Taiwan,,,,,,1
Chering Chang,Seafood,Pack,Taiwan,,,,,,1
MyOri,Seafood,Pack,Malaysia,,,,,,1
Paldo,Seafood,Pack,South Korea,,,,,,1
Paldo,Seafood,Pack,South Korea,,,,,,1
Unif,Seafood,Bowl,Taiwan,,,,,,1
HoMyeonDang,Seafood,Pack,South Korea,,,,,,1
Nissin,Seafood,Pack,Japan,,,,,,1
Sapporo Ichiban,Seafood,Pack,Japan,,,,,,1
Tseng ,Sesame,Pack,Taiwan,,,,,,1
MyKuali,Sesame,Cup,Malaysia,,,,,,1
Nongshim,Sesame,Pack,South Korea,,,,,,1
Lucky Me!,Sesame,Pack,Philippines,,,,,,1
Ah Lai,Sesame,Pack,Malaysia,,,,,,1
n Thai Foods,Sesame,Pack,Nepal,,,,,,1
Nissin,Sesame,Cup,Japan,,,,,,1
Paldo,Sesame,Pack,South Korea,,,,,,1
Indomie,Sesame,Pack,Indonesia,,,,,,1
Dragonfly,Sesame,Bowl,China,,,,,,1
Samyang Foods,Shallot,Pack,South Korea,,,,,,1
Myojo,other,Pack,Singapore,,,,,,1
A-Sha Dry ,other,Pack,Taiwan,,,,,,1
Nissin,other,Pack,Hong Kong,,,,,,1
KOKA,Shin Ramyun,Cup,Singapore,,,,,,1
Myojo,Shin Ramyun,Tray,Japan,,,,,,1
Nissin,Shio,Pack,Hong Kong,,,,,,1
Nissin,Shio,Pack,Hong Kong,,,,,,1
MyKuali,Shrimp,Pack,Malaysia,,,,,,1
Ottogi,Shrimp,Pack,South Korea,,,,,,1
Nissin,Shrimp,Pack,Hong Kong,,,,,,1
Nongshim,Shrimp,Pack,South Korea,,,,,,1
Nissin,Shrimp,Cup,Japan,,,,,,1
Oni Hot Pot,Shrimp,Pack,Taiwan,,,,,,1
Master Kong,Shrimp,Pack,China,,,,,,1
Nongshim,Shrimp,Pack,USA,,,,,,1
New Touch,Shrimp,Bowl,Japan,,,,,,1
Nissin,Shrimp,Bowl,Japan,,,,,,1
Prima,Shrimp,Pack,Singapore,,,,,,1
MyKuali,Shrimp,Pack,Malaysia,,,,,,1
Tseng ,Shrimp,Pack,Taiwan,,,,,,1
Marutai,Shrimp,Bowl,Japan,,,,,,1
Paldo,Shrimp,Pack,South Korea,,,,,,1
Ah Lai,Shrimp,Pack,Malaysia,,,,,,1
Mama,Shrimp,Bowl,Thailand,,,,,,1
Maruchan,Shrimp,Tray,Japan,,,,,,1
Nissin,Shrimp,Cup,Japan,,,,,,1
MyKuali,Shrimp,Pack,Malaysia,,,,,,1
Nissin,Shrimp,Tray,USA,,,,,,1
Prima ,Shrimp,Pack,Singapore,,,,,,1
Paldo,Shrimp,Pack,South Korea,,,,,,1
Sarimi,Shrimp,Pack,Indonesia,,,,,,1
JFC,Shrimp,Bowl,Japan,,,,,,1
Paldo,Shrimp,Pack,South Korea,,,,,,1
Ve Wong,Shrimp,Pack,Vietnam,,,,,,1
Little Cook,Shrimp,Bowl,Thailand,,,,,,1
Dragonfly,Shrimp,Bowl,China,,,,,,1
Nissin,Shrimp,Tray,Japan,,,,,,1
Paldo,other,Bowl,South Korea,,,,,,1
Nissin,other,Bowl,Japan,,,,,,1
Mama,other,Cup,Thailand,,,,,,1
Nissin,Soba,Bowl,Japan,,,,,,1
KOKA,Soba,Pack,Singapore,,,,,,1
The Rater Select,Soba,Box,Malaysia,,,,,,1
Vifon,Soba,Bowl,Vietnam,,,,,,1
Nissin,Soba,Pack,Japan,,,,,,1
Nissin,Soba,Pack,Hong Kong,,,,,,1
Nissin,Soba,Bowl,Japan,,,,,,1
Nissin,Soba,Cup,Japan,,,,,,1
Nongshim,Soba,Cup,USA,,,,,,1
Mama,Soba,Pack,Cambodia,,,,,,1
Hao Way,Soba,Bowl,Malaysia,,,,,,1
Nissin,Soba,Pack,Singapore,,,,,,1
Maggi,Soba,Pack,Singapore,,,,,,1
Paldo,Soba,Pack,South Korea,,,,,,1
President,Soba,Pack,Indonesia,,,,,,1
Deshome,Soba,Pack,Taiwan,,,,,,1
Nongshim,Soba,Pack,USA,,,,,,1
Tablemark,Soba,Bowl,Japan,,,,,,1
Myojo,Soba,Pack,Japan,,,,,,1
Mamee,Somen,Cup,Malaysia,,,,,,1
Nongshim,other,Tray,South Korea,,,,,,1
Paldo,Mie,Pack,South Korea,,,,,,1
Aroi,Sour  ,Pack,Malaysia,,,,,,1
Yum Yum,Sour  ,Pack,Thailand,,,,,,1
Paldo,Soy Source,Pack,South Korea,,,,,,1
World O' ,Soy Source,Pack,Indonesia,,,,,,1
Nissin,Soy Source,Cup,USA,,,,,,1
Nongshim,Soy Source,Pack,South Korea,,,,,,1
Nissin,Soy Source,Cup,Hong Kong,,,,,,1
Tokushima Seifun,Soy Source,Bowl,Japan,,,,,,1
Myojo,Soy Source,Bowl,Singapore,,,,,,1
Itsuki,Soy Source,Pack,Japan,,,,,,1
Wu-Mu,Soy Source,Pack,Taiwan,,,,,,1
Tokyo ,Soy Source,Pack,Japan,,,,,,1
Nongshim,Soy Source,Pack,China,,,,,,1
Nissin,Spicy,Cup,Germany,,,,,,1
KOKA,Spicy,Pack,Singapore,,,,,,1
MyKuali,Spicy,Box,Japan,,,,,,1
Kang Shi Fu,Spicy,Pack,Hong Kong,,,,,,1
Little Cook,Spicy,Bowl,Taiwan,,,,,,1
MyKuali,Spicy,Pack,Singapore,,,,,,1
Patanjali,Spicy,Pack,India,,,,,,1
Nissin,Spicy,Tray,Japan,,,,,,1
Nissin,Spicy,Bowl,Japan,,,,,,1
Nyor Nyar,Spicy,Pack,Malaysia,,,,,,1
Nissin,Spicy,Bowl,Japan,,,,,,1
E-Zee,Spicy,Pack,Malaysia,,,,,,1
A-Sha Dry ,Spicy,Pack,Taiwan,,,,,,1
MyKuali,Spicy,Pack,Malaysia,,,,,,1
Maruchan,Spicy,Bowl,Japan,,,,,,1
Kuriki,Spicy,Pack,Japan,,,,,,1
Vit's,Spicy,Pack,Malaysia,,,,,,1
Tseng ,Spicy,Pack,Taiwan,,,,,,1
Ishimaru,Spicy,Pack,Japan,,,,,,1
CarJEN,Spicy,Pack,Malaysia,,,,,,1
Wugudaochang,Spicy,Pack,China,,,,,,1
Aroi,Spicy,Pack,Malaysia,,,,,,1
MyOri,Spicy,Pack,Malaysia,,,,,,1
MyKuali,Spicy,Pack,Malaysia,,,,,,1
MyKuali,Spicy,Pack,Malaysia,,,,,,1
The Bridge,Spicy,Pack,Malaysia,,,,,,1
Maruchan,Spicy,Bowl,Japan,,,,,,1
Lucky Me!,Spicy,Pack,Philippines,,,,,,1
Hao Way,Spicy,Pack,Malaysia,,,,,,1
Takamori Kosan,Spicy,Pack,Japan,,,,,,1
Takamori Kosan,Spicy,Pack,Japan,,,,,,1
Mamee,Spicy,Cup,Malaysia,,,,,,1
Mamee,Spicy,Pack,Malaysia,,,,,,1
Prima ,Spicy,Pack,Singapore,,,,,,1
GS25,Spicy,Pack,South Korea,,,,,,1
Deshome,Spicy,Pack,Taiwan,,,,,,1
Song Hak,Spicy,Bowl,South Korea,,,,,,1
Indomie,Spicy,Pack,Indonesia,,,,,,1
Nissin,Spicy,Bowl,Japan,,,,,,1
Foodmon,Spicy,Bowl,South Korea,,,,,,1
Sanyo Foods,Spicy,Bowl,Japan,,,,,,1
Koka,Spicy,Pack,Singapore,,,,,,1
Nongshim,Spicy,Bowl,USA,,,,,,1
Higashi,Spicy,Pack,Japan,,,,,,1
Nongshim,other,Pack,South Korea,,,,,,1
Nissin,Tempura ,Pack,Hong Kong,,,,,,1
Nissin,Teriyaki ,Pack,Hong Kong,,,,,,1
Kimura,other,Pack,Japan,,,,,,1
Nissin,other,Bowl,Japan,,,,,,1
Nissin,other,Bowl,Hong Kong,,,,,,1
Prima ,Tofu  ,Pack,Singapore,,,,,,1
Uncle Sun,Tom Yam,Pack,Malaysia,,,,,,1
Nissin,Tom Yam,Cup,Japan,,,,,,1
Nissin,Tom Yam,Pack,Singapore,,,,,,1
Nissin,Tom Yam,Pack,Hong Kong,,,,,,1
Takamori,Tom Yum,Pack,Japan,,,,,,1
Ogasawara,Tom Yum,Pack,Japan,,,,,,1
KOKA,Tom Yum,Bowl,Singapore,,,,,,1
Jingqi,Tom Yum,Pack,Taiwan,,,,,,1
Nissin,Tom Yum,Cup,Japan,,,,,,1
MyKuali,Tom Yum,Bowl,Malaysia,,,,,,1
The Kitchen Food,Tom Yum,Pack,Sarawak,,,,,,1
Mama,Tom Yum,Cup,Thailand,,,,,,1
Mama,Tom Yum,Pack,Thailand,,,,,,1
MyOri,Tom Yum,Pack,Malaysia,,,,,,1
Mamee,Tom Yum,Pack,Malaysia,,,,,,1
Sapporo Ichiban,Tom Yum,Tray,Japan,,,,,,1
Acecook,Tom Yum,Bowl,Japan,,,,,,1
Prima ,Tom Yum,Pack,Singapore,,,,,,1
Dongwon,Tom Yum,Bowl,South Korea,,,,,,1
 Bihun,Tom Yum,Pack,Indonesia,,,,,,1
Indomie,Tom Yum,Pack,Indonesia,,,,,,1
Nissin,Tom Yum,Cup,Hong Kong,,,,,,1
Nissin,Tom Yum,Pack,Japan,,,,,,1
Nissin,Tom Yum,Pack,USA,,,,,,1
Samyang Foods,Tomato,Pack,South Korea,,,,,,1
JML,Tomato,Pack,China,,,,,,1
Sau Tao,Tomato,Pack,Hong Kong,,,,,,1
MAMA,Tonkotsu,Pack,Myanmar,,,,,,1
Yamamori,other,Pack,Japan,,,,,,1
Uni-President,Veagan,Pack,Taiwan,,,,,,1
Nissin,Veagan,Cup,Japan,,,,,,1
Sapporo Ichiban,Veagan,Pack,USA,,,,,,1
A-Sha Dry ,Veagan,Pack,Taiwan,,,,,,1
Sakurai Foods,Veagan,Pack,Japan,,,,,,1
Paldo,Veagan,Bowl,South Korea,,,,,,1
Chikara,Veagan,Pack,USA,,,,,,1
Nissin,Vegetable,Pack,Singapore,,,,,,1
Nissin,Vegetable,Pack,Singapore,,,,,,1
Nissin,Vegetable,Cup,Germany,,,,,,1
Master Kong,Vegetable,Pack,China,,,,,,1
MyKuali,Vegetable,Box,Japan,,,,,,1
Dream Kitchen,Vegetable,Cup,USA,,,,,,1
Nissin,Vegetable,Cup,Japan,,,,,,1
Myojo,Vegetable,Bowl,Japan,,,,,,1
Mamee,Vegetable,Cup,Malaysia,,,,,,1
JML,Vermicelli,Bowl,China,,,,,,1
Sakurai Foods,Vermicelli,Pack,Japan,,,,,,1
Sichuan,Wheat,Pack,China,,,,,,1
Tseng ,Wonton,Pack,Taiwan,,,,,,1
ABC,Wonton,Pack,Indonesia,,,,,,1
Nissin,XO,Bowl,Japan,,,,,,1